0,2.3669,0,0,0,2.3669,0,0,0,0,0,0,0,0,0,4.7337,0,11.834,0,0,0,0,0,0,0,0,0,0,0,0,0,0,0,0,0,0,0,0,0,0,0,0,0,0,0,0,0,2.3669,0,0,0,0,0,0,0,0,0,0,0,0,0,0,0,0,0,0,0,0,0,0,0,0,0,0,0,0,0,0,0,0,0,0,0,0,0,0,0,0,0,0,0,0,0,0,0,0,0,0,0
0,3.871,0,0,0,0,0,0,0,0,0,0,0,0,0,1.2903,0,0,0,0,0,1.2903,2.5806,0,0,0,0,0,0,0,0,0,0,0,0,0,0,0,0,0,0,0,0,1.2903,0,0,0,0,0,0,0,0,0,0,0,0,0,0,0,0,0,0,0,0,0,0,0,0,0,0,0,0,0,0,0,0,0,0,0,0,0,0,0,0,0,0,0,0,0,0,0,0,0,0,0,0,0,0,0
0,2.0481,0,0,0,0,0,0,24.578,2.0481,0,2.0481,0,0,0,0,0,2.0481,0,0,0,112.65,0,0,0,0,0,0,0,0,0,0,0,0,0,0,0,0,0,0,0,0,0,0,0,0,0,0,0,0,0,2.0481,0,0,0,0,0,0,0,0,0,0,0,0,0,0,0,0,0,0,0,0,0,0,0,0,0,0,0,0,0,0,0,0,0,0,0,0,0,0,0,0,0,0,0,0,0,0,0
0,0,0,31.111,8.8889,0,0,0,0,0,0,0,0,0,0,8.8889,0,0,0,0,0,13.333,0,0,0,0,0,0,0,0,0,0,0,0,0,0,0,0,0,0,0,0,0,13.333,0,0,4.4444,0,0,0,0,0,0,0,0,0,0,0,0,0,0,0,0,0,0,0,0,0,0,0,0,0,0,0,0,0,0,0,0,0,0,0,0,0,0,0,0,0,0,0,0,0,0,0,0,0,0,0,0
0,1.6667,0,0,2.5,0,0,0,0,0,0,0,0,0,0,0,0,0,0,0,2.5,0,0.83333,0,0,0,0,0,0.83333,0,0,0,0,0,0,0,0,0,0.83333,0,0,0,0,1.6667,0,0,0,0,0,0,0,0,0,0,0,0,0.83333,0,0,0,0,0,0,0,0,0,0,0,0,0,0,0,0.83333,1.6667,1.6667,0,0,0,0,0,0,0,0,0,0,0,0,0,0,0,0,0,0,0,0,0,0,0,0
0,0,0,0,6.25,0,0,1.7857,0,0,0,0,0,0,0,0.89286,0,0,0,0,2.6786,0,0.89286,0,0,0,0,0,0,0,0,0,0,0,0,0,0,0,0,0.89286,0,0,0,0.89286,0,0,0,0,0,0,0,0,0,0,0,0,0,0,0,0,0,0,0,0,0,0,0,0,0,0,0,0,0,0,0,0,0,0,0,0,0,0,0,0,0,0,0,0,0,0,0,0,0,0,0,0,0,0,0
0,0.70547,0,0,2.1164,0,0,0.70547,0,0,0,0,0,0,0,2.8219,0,0,0,0,0,0.70547,0,0,0,0,0,0,0,0,0,0,0,0,0,0,0,0,0,0,0,0,0,0.70547,0,0,0,0,0,0,0,0,0,0,0,0,0,0,0,0,0,0,0,0,0,0,0,0,0,0,0,0,0,0,0,0,0,0,0,0,0,0,0,0,0,0,0,0,0,0,0,0,0,0,0,0,0,0,0
0,0.8658,0,0,3.0303,0,0,0,0,0,0,0,0,0,0,0.4329,0,0,0.4329,0,5.1948,1.7316,0.8658,0,0,0,0,0,0,0,0,0,0,0,0,0,0,0,0.4329,0,0,0,0,0.4329,0,0,0,0,0,0,0,0,0,0,0,0,0,0,0,0,0,0,0,0,0,0,0,0,0,0,0,0,0,0.8658,0,0,0,0,0,0,0,0,0,0,0,0,0,0,0,0,0,0,0,0,0,0,0,0,0
0,0,0,0,0,0,0,0,0,0,0,0,0,0,0,0,0,0,0,0,0,0,0,1.5083,0,0,0,0,0,0,0,0,0,0,0,0,0,0,0,0,0,0,0,0,0,0,0,0,0,0,0,0,0,0,0,0,0,0,0,0,0,0,0,0,0,0,0,0,0,0,0,0,0,0,0,0,0,0,0,0,0,0,0,0,0,0,0,0,0,0,0,0,0,0,0,0,0,0,0
0,0,0,0,0,0,0,0,0,0,0,0,0,0,0,0,0,0,0,0,0,2.7056,0,1.6234,0,0.54113,0,0,0,0,0,0,0,0,0,0,0,0,0,0,0,0,0,0.54113,0,0,0,0,0,0,0,0,0,0,0,0,0,0,0,0,0,0,0,0,0,0,0,0,0,0,0,0,0,0,0,0,0,0,0,0,0,0,0,0,0,0,0.54113,0,0,0,0,0,0,0,0,0,0,0,0
0,0,0,0,0,0,0,0,0,0,0,0.69444,0,0,0,0,0,0,0,0,0,9.0278,0.69444,0,0,0,0,0,0,0,0,0,0,0,0,0,0,0,0,0,0,0,0,0,0,0,0,0,0,0,0,0,0,0,0,0,0,0,0,0,0,0,0,0,0,0,0,0,0,0,0,0,0,0,0,0,0,0,0,0,0,0,0,0.69444,0,0,0,0,0,0,0,0,0,0,0,0,0,0,0
0,0.98039,0,0,0,0,0,0,0,0,0,0,0,0,0,0,0,0,0,0,0,1.9608,0,0,0,0,0,0,0,0,0,0,0,0,0,0,0,0,0,0,0,0,0,0,0,0,0,0,0,0,0,0,0,0,0,0,0,0.98039,0,0,0,0,0,0,0,0,0,0,0,0,0,0,0,0,0,0,0,0,0,0,0,0,0,0,0,0,0,0,0,0,0,0,0,0,0,0,0,0,0
0,0.73529,0,0,2.2059,0,0,0,0,0,0,1.4706,0,0,0,0,0,0,0.73529,0,0,0,0,0,0,0,0,0,0,0.73529,0,0,0,0,0,0,0,0,0,0,0,0,0,2.9412,0,0,2.9412,0,0,0,0,0,0,0,0,0,0,0,0,0,0,0,0,0,0,0,0,0,0,0,0,0,0,0,0,0,0,0,0,0,0,0,0,0,0,0,0,0,0,0,0,0,0,0,0,0,0,0,0
0,0,0,0,0,0,0,0.53677,0,0,0,1.0735,0,0,0,0,0,0,0,0,0,0,0,0,0,0,0,0,0,0,0,0,0,0,0.53677,0,0,0,0,0,0,0,0,0,0,0,0,0,0,0,0,0,0,0,0,0,0,0,0,0,0,0,0,0,0,0,0,0,0,0,0,0,0,0,0,0,0.53677,0,0,0,0,0,0,0,0,0,2.1471,0,0,0,0,0,0,0,0,0,0,0.53677,0
0,1.5802,0,0,1.5802,0,0,1.1852,0,0,0,0,0,0,0,0,0,0,0,0,0,0,0,0,0,0,0,0,0,0.39506,0.39506,0,0,0,0.39506,0,0,0,0,0.39506,0,0,0,0,0,0,0,0,0,0,0,0,0,0,0,0,0,0,0,0,0,0,0,0,0,0,0,0,0,0,0,0,0,0,0,0.39506,0,0,0,0,0,0,0,0,0,0,1.9753,0,0,0,0,0,0,0,0,0,0,0,0
0,2.7865,0,0,1.3932,0,0,1.3932,0,0,0,0,0,0,0,0,0,0,0,0,0,0,0,0,0,0,0,0,0,0,0,0,0,0,0,0,0,0,0,0,0,0,0,0,0,0,0,0,0,0,0,0,0,0,0,0,0,0,0,0,0,0,0,0,0,0,0,0,0,0,0,0,0,0,0,0,0,0,0,0,0,0,0,0,0,0,0.69662,0,0,0,0,0,0,0,0,0,0,0,0
0,0,0,0,2.2297,0,0,0,0,0,0,0.74322,0,0,0,0,0,0,0,0,0,0,0,0,0,0,0,0,0,0,0,0,0,0,0,0,0,0,0,1.4864,0,0,0,0,0,0,0,0,0,0,0,0,0,0,0,0,0,0,0,0,0,0,0,0,0,0,0,0,0,0,0,0,0,0,0,0,0,0,0,0,0,0,0,0,0,0,0,0,0,0,0,0,0,0,0,0,0,0,0
0,3.5556,0,0,0.59259,0,0,0,0,0,0,0.59259,0,0,0,0,0,0,0,0,0,0,0.59259,0.59259,0,0,0.59259,0,0,0,0,0,0,0,0,0,0,0,0,0,0,0,0,0,0,0,0,0,0,0,0,0,0,0,0,0,0,0,0,0,0,0,0,0,0,0,0,0,0,0,0,0,0,1.1852,0,0,1.1852,0,0,0,0,0,0,0,0,0,0,0,0,0,0,0,0,0,0,0,0,0,0
0,1.1223,0,0,0.56117,0,0,0,0,0,0,0.56117,0,0,0,0,0,0,0,0,0,0.56117,0.56117,3.367,0,0,1.6835,0,0,0,0,0,0,0,0,0,0,0,0.56117,0.56117,0,0,0,1.1223,0,0,0,0,0,0,0,0,0,0,0,0,0,0,0,0,0,0,0,0,0,0,0,0,0,1.1223,0,0,0,2.8058,0,0,1.1223,0,0,0,0,0,0,0,0,0,0,0,0,0,0,0,0,0,0,0,0,0,0
0,0,0,0,0,0,0,0,0,0,0,1.2005,1.2005,0,4.8019,0,0,0,1.2005,0,24.01,39.616,0,0,0,0,2.401,0,3.6014,4.8019,0,0,0,0,1.2005,0,0,0,1.2005,0,0,3.6014,0,0,0,0,0,0,0,0,0,0,0,0,0,0,0,0,0,0,0,0,0,0,0,0,0,0,0,0,0,0,0,0,0,0,0,0,0,0,0,0,0,0,0,0,0,0,0,0,0,0,0,0,0,0,0,0,0
0,0,0,0,0,0,0,0,0,0,0.80808,0,0,0,0.40404,0,0,0,1.2121,0,0.40404,0,0,0,0,0,1.2121,0,0.40404,0.40404,0,0,0,0,0.80808,0,0,0,0.80808,0,0,2.4242,0,0,0,0,0,0,0,0,0.40404,0,0,2.8283,0,0,0,0,0,0,0,0,0,0,0,0,0,0,0,0,0,0,0,0,0,0,0,0,0,0,0,0,0,0,0,0,0,0,0,0,0,0,0,0,0,0,0,0,0
0,0,0,0,0,0,0,0,0,0,8.7108,0,0,0,0,5.8072,0,0,33.391,0,5.8072,5.8072,0,4.3554,0,0,1.4518,0,0,2.9036,0,0,0,0,0,0,0,0,0,0,0,7.259,0,0,0,0,0,0,0,0,1.4518,0,0,0,0,0,0,0,0,0,0,0,0,0,0,0,0,0,0,0,0,0,0,0,0,0,0,0,0,0,0,0,0,0,0,0,0,0,0,0,0,0,0,0,0,0,0,0,0
0,0,0,0,0,0,0,0,0,0.38447,0,0.38447,0,0,0,1.5379,0,0,0.76894,0,2.3068,0.38447,0,0,0,0,2.3068,0,0.38447,0,0,0,0,0,0.38447,0,0,0,0,0,0,1.9223,0,0,0,0,0,0,0,0,0,0,0,1.5379,0,0,0,0,0,0,0,0,0,0,0,0,0,0,0,0,0,0,0,0,0,0,0,0,0,0,0,0,0,0,0,0,0,0,0,0,0,0,0,0,0,0,0,0,0
0,0,0,0,1.173,0,0,0,0,0,0,2.346,0.58651,0,0,0,0,0,0,0,0,6.4516,0,0,0,0,0,0,0,0,0,0,0,0,0,0,0,0.58651,0.58651,0.58651,0,0,0,0,0,0,0,0,0,0,0,0,0,0,0,0,0,0,0,0,0,0,0,0,0,0,0,0,0,0,0,0,0,1.173,0,0,0,0,0,0,0,0,0,0,0,0,0,0,0,0,0,0,0,0,0,0,0,0,0
0,0,0,0,0,0,0,0,0,0,0,0,0,0,0,0,0,0,0,0,0,32.967,1.5699,0,0,0,0,0,0,0,0,0,3.1397,0,1.5699,0,0,0,0,0,0,0,0,0,0,0,0,0,0,0,0,0,0,0,0,0,0,0,0,0,0,0,0,0,0,0,0,0,0,0,1.5699,0,0,0,0,0,0,0,0,0,0,0,0,0,0,0,0,0,0,0,0,0,0,0,0,0,0,0,0
0,0,0,0,0,0,0,0,0,0,0.4158,0,0,0,0.4158,0.4158,0.8316,0,0,0,0,3.7422,0,0,0,0,0,0,0,0,0,0,0,0,0,0,0,0.8316,0,0.4158,0,0,0,0,0,0,0,0,0,0,0,0,0,0,0,0,0,0,0,0,0,0,0,0,0,0,0,0,0,0,0,0,0,0.8316,0,0,0,0,0,0,0,0,0,0,0,0,0,0,0,0,0,0,0,0,0,0,0,0,0
0,0,0,0,1.3158,0,0,0,0,0,0,1.3158,0,0,0,1.3158,0,0,0,0,0,35.526,0,0,0,0,0,0,0,0,0,0,0,0,0,0,0,1.3158,0,2.6316,0,0,0,0,0,0,0,0,0,0,0,0,0,0,0,0,0,0,0,0,0,0,0,0,0,0,0,0,0,0,0,0,0,0,0,0,0,0,0,0,0,0,0,0,0,0,0,0,0,0,0,0,0,0,0,0,0,0,0
0,0,0,0,0,0,0,0,0,0,0,0,0,0,0,1.1765,0,0,0,0,0.39216,0.78431,0,0,0,0,0.78431,0,0,0,0,0,0,0,0.39216,0,0,0,0,0.78431,0.39216,0.39216,0,0,0,0,0,0,0,0,0,0,0,0,0,0,0,0,0,0,0,0,0,0,0,0,0,0,0,0,0,0,0,0,0,0,0,0,0,0,0,0,0,0,0,0,0,0,0,0,0,0,0,0,0,0,0,0,0
0,0,0,0,0,0,0,0,0,0,0.46009,0.46009,0.92017,0,0,0,0,0,0,0,0,0,0,0,0,0,2.7605,0,0,0.46009,0,0,0,0,0.46009,13.803,0,0.92017,0.46009,0,0,0.46009,0,0,0,0,0,0,0,0,0,0,0,0,0,0,0,0,0,0,0,0,0,0,0,0,0,0,0,0,0,0,0,0,0,0,0,0,0,0,0,0,0,0,0,0,0,0,0,0,0,0,0,0,0,0,0,0,0
0,0,0,0,0,0,0,0,0,0,0.2849,0.2849,0,0,0,0,0,0,0,0,0.2849,0,0,0,0,0,0,0,0,0.5698,0,0,0,0,0.8547,1.4245,0.2849,0.2849,0.2849,0.2849,0,0,0,0,0,0,0,0,0,0,0,0,0,0,0,0,0,0,0,0,0,0,0,0,0,0,0,0,0,0,0,0,0,0,0,0,0,0,0,0,0,0,0,0,0,0,0,0,0,0,0,0,0,0,0,0,0,0,0
0,0,0,0,0,0,0,0,0,0,0.59032,4.1322,0.59032,0,0,0,0,0,0,0,0,0.59032,0,0,0,0,0.59032,0,0,0,0,0,0,0,0.59032,19.481,0,1.1806,0.59032,0.59032,0,1.771,0,0,0,0,0,0,0,0,0,0,0,0,0,0,0,0,0,0,0,0,0,0,0,0,0,0,0,0,0,0,0,0,0,0,0,0,0,0,0,0,0,0,0,0,0,0,0,0,0,0,0,0,0,0,0,0,0
0,0,0,0,0,0,0,0,0,0,1.2308,2.4615,0,0,0,0,0,0,0,0,0,0,0,0,0,0,0,0,0,0,0,0,0,0,0,32,0,1.2308,0,0,0,0,0,1.2308,0,0,0,0,0,0,0,0,0,0,0,0,0,0,0,0,0,0,0,0,0,0,0,0,0,0,0,0,0,0,0,0,0,0,0,0,0,0,0,0,0,0,0,0,0,0,0,0,0,0,0,0,0,0,0
0,0,0,0,0,0,0,0,0,0,0,3.1373,0,0,0,0,0,0,0,0,0,3.1373,0,0,0,0,0,0,0,0,0,0,0,0,2.3529,3.1373,0,0.78431,0,0,0,0,0,0,0,0,0,0,0,0,0,0,0,0,0,0,0,0,0,0,0,0,0,0,0,0,0,0,0,0,0,0,0,0,0,0,0,0,0,0,0,0,0,0,0,0,0,0,0,0,0,0,0,0,0,0,0,0,0
0,0,0,0,0,0,0,0,0,0,0,3.8265,0,0,0,0,0,0,0,0,0,10.204,0,0,0,0,0,0,0,0,0,0,0,0,1.2755,0,0,0,0,0,0,0,0,0,0,0,0,0,0,0,0,0,0,0,0,0,0,0,0,0,0,0,0,0,0,0,0,0,0,0,0,0,0,1.2755,0,0,0,0,0,0,0,0,0,0,0,0,0,0,0,0,0,0,0,0,0,0,0,0,0
0,0,0,0,0,0,0,0,0,0,0,1.2066,0,0,0,1.81,0,0,0,0,0,0,0,0,0,0,0.60332,0,0,0,0,0,0,0,0.60332,0,0,0,1.2066,1.2066,0,0,0,0,0,0,0,0,0,0,0,0,0,0,0,0,0,0,0,0,0,0,0,0,0,0.60332,0,0,0,0,0,0,0,0,0,0,0,0,0,0,0,0,0,0,0,0,0,0,0,0,0,0,0,0,0,0,0,0,0
0,0,0,0,4.9798,0,0,0,0,0,4.9798,0,0,0,0,0,0,0,0,0,0,0,0,0,0,0,0,0,0,2.4899,0,0,0,0,0,4.9798,0,0,0,0,0,0,0,0,0,0,0,0,0,0,0,0,0,0,0,0,0,0,0,0,0,0,0,0,0,0,0,0,0,0,0,0,0,2.4899,0,0,0,0,0,0,0,0,0,0,0,0,0,0,0,0,0,0,0,2.4899,0,0,0,0,0
0,0,0,0,1.7429,0,0,0,0,0,6.9717,0,1.7429,0,0,0,0,0,0,0,0,0,0,0,0,0,0,0,0,0,0,0,0,0,3.4858,0,0,0,0,1.7429,0,0,0,0,0,0,0,0,0,0,0,0,0,0,0,0,0,0,0,0,0,0,0,0,0,0,0,0,0,0,0,0,0,3.4858,0,0,0,0,0,0,0,0,0,0,0,0,0,0,0,0,0,0,0,0,0,0,0,0,0
0,0,0,0,1.593,0,0,0,0,0,3.9825,0,0,0,0,0,0,0,0,0,0,0,0,0,0,0,0,0,0,1.593,0,0,0,0,2.3895,0,0,0.7965,0,1.593,0,0,0,0,0,0,0,0,0,0,0,0,0,0,0,0,0,0,0,0,0,0,0,0,0,0,0,0,0,0,0.7965,0,0,0,0,0,0,0,0,0,0,0,0,0,0,0,0,0,0,0,0,0,0,0,0,0,0,0,0
0,0,0,0,5.4329,0,0,0,0,0,0,0,0,0,0,1.3582,0,0,0,0,0,0,0,0,0,0,0,0,0,0,0,0,0,0,1.3582,0,0,0,0,4.0747,0,0,0,0,0,0,0,0,0,0,0,0,0,0,0,0,0,0,0,0,0,0,0,0,6.7912,0,0,0,0,0,0,0,0,0,0,1.3582,0,0,0,0,0,0,0,0,0,0,0,0,0,0,0,0,0,0,0,0,0,0,0
0,0,0,0,0,0,0,0,0,0,2.323,0,0,0,0,0,0,0,0,0,0,0,0,0,0,0,0,0,0,0,0,0,0,0,0,0,0,0,4.6461,2.323,0,0,0,0,0,0,0,0,0,0,0,0,0,0,0,0,0,0,0,0,0,0,0,0,0,0,0,0,0,0,0,0,0,0,0,0,0,0,0,0,0,0,0,0,0,0,0,0,0,0,0,0,0,0,0,0,0,0,0
0,0,0,0,0,0,0,0,0,0,3.1189,4.6784,0,0,0,0,0,0,0,0,0,0,0,0,0,0,0,0,0,0,0,0,0,0,0,0,0,0,4.6784,3.1189,0,0,0,0,0,0,0,0,0,0,0,0,0,0,0,0,0,0,0,0,0,0,0,0,0,0,0,0,0,0,0,0,0,0,0,0,0,0,0,0,0,0,0,0,0,0,0,0,0,0,0,0,0,0,0,0,0,0,0
0,0,0,0,0,0,0,0,0,0,0,0,0,0,0,0,0,0,0,0,0,0,0,0,0,0,0,0,0,0,0,0,0,0,1.9133,0,0,0,1.2755,1.2755,0,0,0,0,0,0,0,0,0,0,0,0,0,0,0,0,0,0,0,0,0,0,0,0,0,0,0,0,0,0,0,0,0,0,0,0,0,0,0,0,0,0,0,0,0,0,0,0,0,0,0.63776,0,0,0,0,0,0,0,0
0,0,0,0,0,0,0,0,0,0,0.71225,0.71225,0,0,0,0,0,0,0,0,0,0,0,0.71225,0,0,0,0,0,0,0,0,0,0,0.71225,0,0,0,0.71225,0.71225,0,0,0,0,0,0,0,0,0,0,0,0,0,0,0,0,0,0,0,0,0,0,0,0,0,0,0,0,0,0,0,0,0,0.71225,0,0,0,0,0,0,0,0,0,0,0,0,0,0,0,0,0,0,0,0,0,0,0,0,0
0,0,0,0,0,0,0,0,0,0,1.032,0,0,0,0,2.064,0,0,3.096,0,0,0,1.032,0,0,0,1.032,0,1.032,0,0,0,0,0,0,1.032,0,0,1.032,0,0,0,0,1.032,0,0,0,0,0,0,0,0,0,0,0,0,0,0,0,0,0,0,13.416,1.032,0,0,0,0,0,0,0,0,0,0,0,0,0,0,0,0,0,0,0,0,0,0,0,0,0,0,0,0,0,0,0,0,0,0,0
0,0,0,0,0,0,0,0,0,0,4.0323,0,0,0,0,4.0323,0,0,1.7281,0,0.57604,0,0,0,0,0,0,0,0,0,0,0,0,0,1.7281,0.57604,0,0,0,0,0,0,0,0,0,0,0,0,0,0,0,0,0,0,0,0,0,0,0.57604,0,0,0,7.4885,0,0,0,0,0,0,0,0,0,0,0,0,0,0,0,0,0,0,0,0,0,0,0,0,0,0,0,0,0,0,0,0,0,0,0,0
0,0,0,0,0,0,0,0,0,0,1.5779,0,0,0,1.5779,3.1558,0,0,0,0,0,0,0,0,0,0,0,0,0,0,0,0,0,0,6.3116,0,0,0,0,0,0,0,0,0,0,0,0,0,0,0,0,0,0,0,0,0,0,0,0,0,0,0,0,0,0,0,0,0,0,0,0,0,0,0,0,0,0,0,0,0,0,0,0,0,0,0,0,0,0,0,0,0,0,0,0,0,0,0,0
0,0.52083,0,0,0,0,0,0,0,0,1.5625,0.52083,0,0,0,0.52083,0,0,0.52083,0,4.6875,0,0.52083,0,0,0,2.6042,0,0,0,0,0,0,0,0.52083,0,0,0,0,0,0,0.52083,0,0.52083,0,0,0,0,0,0,0,0,0,0,0,0,0,0,0,0,0,0,1.5625,0,0,0,0,0,0,0,0,0,0,0,0,0,0,0,0,0,0,0,0,0,0,0,0,0,0,0,0,0,0,0,0,0,0,0,0
0,0,0,0,0.80972,0,0,0,0,0,0.80972,0,0,0,0,0,0,0,0,0,0,3.2389,0,0,0,0,0,0,0,0,0,0,0,0,2.4291,0,0,0.80972,0.80972,0.80972,0,0,0,0,0,0,0,0,0,0,0,0,0,0,0,0,0,0,0,0,0,0,0.80972,0,0,0,0,0,0,0,0,0,0,0,0,0,0,0,0,0,0,0,0,0,0,0,0,0,0,0,0,0,0,0,0,0,0,0,0
0,0,0,0,0.82559,0,0,0,0,0,2.8896,1.2384,0,0,0,0,0.4128,0,0,0,0,3.7152,0,0,0,0,0,0,0,0,0,0,0,0,1.2384,0,0,1.6512,0,0.82559,0,0,0,0,0,0,0,0,0,0,0,0,0,0,0,0.4128,0,0,0,0,0,0,1.6512,0,0,0,0,0,0,0,0,0,0,0.4128,0,0,0,0,0,0,0,0,0,0,0,0,0,0,0,0,0,0,0,0,0,0,0,0,0
0,0,0,0,0,0,0,0,0,0,2.381,1.7857,0,0,0,0,0,0,0,0,0,6.5476,0,0,0,0,0,0,0.59524,0,0,0,0,0,2.381,0,0,1.1905,0,4.1667,0,0,0,0,0,0,0,0,0,0,0,0,0,0.59524,0,0,0,0,0,0,0,0,2.9762,0,0,0,0,0,0,0,0,0,0,1.1905,0,0,0,0,0,0,0,0,0,0,0,0,0,0,0,0,0,0,0,0,0,0,0,0,0
0,0,0,0,0,0,0,0,0,0,0,0.8547,0,0,0,0,0,0,0,0,0,0.42735,0,0,0,0,0,0,0,0,0,0,0,0,0.42735,0,0,0.42735,0,0,0,0,0,0,0,0,0,0,0,0,0,0,0,1.2821,0,0,0,0,0,0,0,0,0,0,0,0,0,0,0,0,0,0,0,0,0,0,0,0,0,0,0,0,0,0,0,0,0,0,0,0,0,0,0,0,0,0,0,0,0
0,0,0,0,0.78709,0,0,0,0,0,0.78709,0,0.39355,0,0,0,0,0,0,0,0,0,0,0,0,0.39355,0.39355,0,0,0.39355,0,0,0,0,0,0.39355,0,0,0,0,0,0,0,0,0,0,0,0,0,0,0,0,0,0,0,0,0,0,0,0,0,0,1.1806,0,0,0,0,0,0,1.1806,0.39355,0,0,0,0,0,0,0,0,0,0,0,0,0,0,0,0,0,0,0,0,0,0,0,0,0,0,0,0
0,0,0,0,0.44092,0,0,0,0,0,2.2046,0,0,0,0,0,0,0,0,0,0,0,0,0,0,0.88183,1.7637,0,0,0.88183,0,0,0,0,1.3228,0.88183,0,1.3228,0,0,0,0,0,0.44092,0,0,0,0,0,0,0,0,0,0,0,0,0,0,0,0,0,0,0.44092,0,0,0,0,0,0,0,0,0,0,0,0,0,0,0,0,0,0,0,0,0,0,0,0,0,0,0,0,0,0,0,0,0,0,0,0
0,0,0,0,0,0,0,0,0,0,0,0.66667,0,0,0,0,0,0,0.33333,0,0.66667,0,0,0,0,0,0.33333,0,0,0.66667,0,0,0,0,0.33333,0.66667,0,0,0.33333,0,0,0,0,0.33333,0,0,0,0,0,0,0,0,0,0,0,0,0,0,0,0,0,0,0.33333,0,0,0,0,0,0,0,0,0,0,0,0,0,0,0,0,0,0,0,0,0,0,0,0,0,0,0,0,0,0,0,0,0,0,0,0
0,0,0,0,1.1261,0,0,0,0,0,0,2.8153,0,0,0,1.1261,0,0,0,0,0,0,0,0,0,0.56306,0.56306,0,0,1.1261,0,0,0,0,2.2523,0,0,1.1261,0.56306,0,2.2523,0,0,0,0,0,0,0,0,0,0,0,0,0,0,0,0,0,0,0,0,0,1.1261,0,0,0,0,0,0,0,0,0.56306,0,0,0,0,0,0,0,0,0,0,0,0,0,0,0,0,0,0,0,0,0,0,0,0,0,0,0
0,0,0,0,0.67227,0,0,0,0,0,0.67227,0,1.3445,0,0,0,0,0,0,0,0,0.67227,0,0,0,2.0168,0,0,0,0,0,0,0,0,1.3445,0,0,3.3613,0,0,0,0,0,0,0,0,0,0,0,0,0,0,0,0.67227,0,0,0,0,0,0,0,0,0,0,0,0,0,0,0,0,0,0,0,2.6891,0,0,0,0,0,0,0,0,0,0,0,0,0,0,0,0,0,0,0,0,0,0,0,0,0
0,0,0,0,0.72622,0,0,0,0,0,0.96829,0.96829,0,0,0,0,0,0,0,0,0,0.72622,0,0,0,0,0,0,0,0.72622,0,0,0,0,1.4524,0,0,0.24207,0.24207,0.48414,0,0,0,0,0,0,0,0,0,0,0,0,0,0,0,0,0,0,0,0,0,0,0.48414,0,0,0,0,0,0,0,0,0,0,0.24207,0,0,0,0,0,0,0,0,0,0,0,0,0,0,0,0,0,0,0,0,0,0,0,0,0
0,0,0,0,0,0,0,0,0,0,0,1.8227,0,0,15.493,0,0,0,0,0,0,0,0,0,0,0,0,0,0,1.8227,0,0,0,0,0,0,0,1.8227,0.91137,0,0,0,0,0,0,0,0,0,0,0,0,0,0,0,0,0,0,0,0,0,0,0,0,0,0,0,0,0,0,0.91137,0,0,0,0.91137,0,0,0,0,0,0,0,0,0,0,0,0,0,0,0,0,0,0,0,0,0,0,0,0,0
0,0,0,0,2.7605,0,0,0,0,0,0,0,0,0,0,0,0,0,0,0,0,0.92017,0,0,0.92017,0,0,0,0.92017,0,0,0,0.92017,0,0,0,0,0.92017,0,0,0,0,0,0,0,0,0,0,0,0,0,0,0,0,0,0,0,0,0,0,0,0,0,0,0,0,0,0,0,0,0,0,0,0,0,0,0,0,0,0,0,0,0,0,0,0,0,0,0,0,0,0,0,0,0,0,0,0,0
0,0,0,0,1.8315,0,0,0,0,0,8.2418,0,0,0,0,0,0,0,0,0,0,0,0,0,0,0,0.91575,0,0,0.91575,0,0,0,0,0.91575,3.663,0,0.91575,0,0,0,0,0,0.91575,0,0,0,0,0,0,0,0,0,0,0,0,0,0,0,0,0,0,0.91575,0,0,0,0,0,0,0,0,0,0,0,0,0,0.91575,0,0,0,0,0,0,0,0,0,0,0,0,0,0,0,0,0,0,0,0,0,0
0,0,0,0,0,0,0,0,0,0,0.74697,0,0,0,0,0,0,0,0,0,0,0,0,0,0,0.74697,0,0,0,0,0,0,0,0,0,0.37348,0,0.74697,0,0,0,0,0,0,0,0,0,0,0,0,0,0,0,0,0,0,0,0,0,0,0,0,0.37348,0,0,0,0,0,0,0,0,0,0,0.37348,0,0,0,0,0,0,0,0,0,0,0,0,0,0,0,0,0,0,0,0,0,0,0,0,0
0,0,0,0,0,0,0,0,0,0,8.0128,0.80128,0,0,0,0.40064,0,0,0,0,0,0,0,0.80128,0,0.40064,0.80128,0,0,0,0,0,0,0,0.40064,0.80128,0,0,0,0,0,0,0,0.40064,0,0,0,0,0,0,0,0,0,0,0,0,0,0,0,0,0,0,0,0,0,0,0,0,0,0.40064,0,0,0,2.0032,0,0,0,0,0,0,0,0,0,0,0,0,0,0,0,0,0,0,0,0,0,0,0,0,0
0,0,0,0,0,0,0,0,0,0,4.0046,0,0,0,0,0,0,0,0,0,0,0,0,0,0,0,0.57208,0,0,0,0,0,0,0,0.57208,1.1442,0,0,0,0.57208,0,0,0,0,0,0,0,0,0,0,0,0,0,0,0,0,0,0,0,0,0,0,0,0,0,0,0,0,0,0,0,0,0,0,0,0,0,0,0,0,0,0,0,0,0,0,0,0,0,0,0,0,0,0,0,0,0,0,0
0,0,0,0,0.42088,0,0,0,0,0,1.6835,0,0,0,0,0,0,0,0,0,0,0,0.42088,0,0,0.42088,0,0,0,0,0,0,0,0,0.84175,1.2626,0,0.42088,0,0,0,0,0,0,0,0,0,0,0,0,0,0,0,0,0,0,0,0,0,0,0,0,0,0,0,0,0,0,0,0,0,0,0,0,0,0,0,0,0,0,0,0,0,0,0,0,0,0,0,0,0,0,0,0,0,0,0,0,0
0,0,0,0,1.1544,0,0,0,0,0,0.7696,0,0,0,0,0,0,0,0,0,0,0,0,0,0,1.1544,0.3848,0,0,0.3848,0,0,0,0,0.3848,0,0,0.7696,0,0,0,0,0,0.3848,0,0,0,0,0,0,0,0,0,0,0,0,0,0,0,0,0,0,0.3848,0,0,0,0,0,0,0,0,0,0,0,0,0,0,0,0,0,0,0,0,0,0,0,0,0,0,0,0,0,0,0,0,0,0,0,0
0,0,0,0,0.62001,0,0,0,0,0,0,1.86,0,0,0,0,0,0,0,0,0,0,0,0,0,1.24,1.86,0,0,0.62001,0,0,0,0,0,1.24,0,0.62001,0.62001,0.62001,0,0,0,1.24,0,0,0,0,0,0,0,0,0,0,0,0,0,0,0,0,0,0,0,0,0,0,0,0,0,0,0,0,0,0,0,0,0,0,0,0,0,0,0,0,0,0,0,0,0,0,0,0,0,0,0,0,0,0,0
0,0,0,0,4.763,0,0,0,0,0,40.962,0,0,0,0,0,0,0,0,0,0,0,0,0,0,0,0,0,0,0,0,0,0,0,0.95261,9.5261,0,0,0,0,0,0,0,0,0,0,0,0,0,0,0,0,0,0,0,0,0,0,0,0,0,0,0.95261,0,0,0,0,0,0,0,0,0,0,0,0,0,0,0,0,0,0,0,0,0,0,0,0,0,0,0,0,0,0,0,0,0,0,0,0
0,0,0,0,0,0,0,0,0,0,1.0989,0,1.0989,0,1.0989,3.2967,1.0989,0,1.0989,0,1.0989,0,0,0,36.264,13.187,6.5934,0,0,0,0,0,0,0,0,0,0,0,0,0,0,0,0,0,0,0,0,0,0,0,0,0,0,1.0989,0,0,0,0,0,0,0,0,0,0,0,0,0,0,0,0,0,0,0,0,0,0,0,0,0,0,0,0,0,0,0,0,0,0,0,0,0,0,0,0,0,0,0,0,0
0.92166,0.46083,0,0,0,0,0,0,0,0,1.8433,0,3.2258,0,0,0,0,0,0.46083,0,0,0,0,0,10.138,1.8433,1.8433,0,0,0,0,0,0,0,0,0,0,0,0,0,0,0,0,0,0,0,0,0,0,0,0,0,0,0.46083,0,0,0,0,0,0,0,0,0,0,0,0,0,0,0,0,0,0,0,0,0,0,0,0,0,0,0,0,0,0,0,0,0,0,0,0,0,0,0,0,0,0,0,0,0
0,0,0,0,0,0,0,0,0,0,0.74074,0,4.4444,0,0,1.4815,0.74074,0,1.4815,0,0,0,0,0,8.1481,0,1.4815,0,0,0,0,0,0.74074,0,0,0,0,0,0.74074,0,0,0,0,0,0,0,0,0,0,0,0,0,0,0,0,0,0,0,0,0,0,0,0,0,0,0,0,0,0,0,0,0,0,0,0,0,0,0,0,0,0,0,0,0,0,0,0,0,0,0,0,0,0,0,0,0,0,0,0
0.92593,0,0,0,0,0,0,0,0,0,0,0,0,0,0,1.8519,0,0,0,0,0,0,0,0,16.667,0,0.92593,0,0,0,0,0,0,0,0,0,0,0,0,0,0,0,0,0,0,0,0,0,0,0,0,0,0,0,0,0,0,0,0,0,0,0,0,0,0,0,0,0,0,0,0,0,0,0,0,0,0,0,0,0,0,0,0,0,0,0,0,0,0,0,0,0,0,0,0,0,0,0,0
0,0,0,0,0,0,0,0,0,0,3.6058,0,3.6058,0,0,0,0,0,0,0,0,0,0,0,9.6154,0,0,0,0,0,0,0,0,0,0,0,0,0,0,0,0,0,0,0,0,0,0,0,0,0,0,0,0,0,0,0,0,0,0,0,0,0,0,0,0,0,0,0,0,0,0,0,0,0,0,0,0,0,0,0,0,0,0,0,0,0,0,0,0,0,0,0,0,0,0,0,0,0,0
0,0,0,0,0,0,0,0,0,0,0.6993,0,3.4965,0,0,0.6993,0,0,0,0,0,0,0,0,18.182,0,0,0,0,0,0,0,0,0,0.6993,0,0,0,2.0979,0,0,0,0,0,0,0,0,0,0,0,0,0,0,0,0,0,0,0,0,0,0,0,0,0,0,0,0,0,0,0,0,0,0,0.6993,0,0,0,0.6993,0,0,0,0,0,0.6993,0,0,0,0,0,0,0,0,0,0,0,0,0,0,0
0,0,0,0,0,0,0,0,0,0,0.58275,0.58275,5.2448,0,0,0.58275,0,0,0,0,0,0.58275,0,0.58275,14.569,0,0,0,0,0,0,0,0,0,0,0,0,0.58275,1.1655,0.58275,0,0,0,0,0,0,0,0,0,0,0,0,0,0,0,0,0,0,0,0,0,0,0,0,0,0,0,0,0,0,0,0,0,0.58275,0,0,0,0,0,0,0,0,0,0,0,0,0,0,0,0,0,0,0,0,0,0,0,0,0
0,0,0,0,0,0,0,0,0,0,0,0.35511,1.7756,0,0,0,0,0,0,0,0,0,0,0,2.1307,0,0,0,0,0,0,0,0,0,0,0,0,0,0,0,0,0,0,0,0,0,0,0,0,0,0,0,0,0,0,0,0,0,0,0,0,0,0,0.35511,0,0,0,0,0,0,0,0,0,0,0,0,0,0,0,0,0,0,0,0,0,0,0,0,0,0,0,0,0,0,0,0,0,0,0
0,0,0,0,0,0,0,0,0,0,0,0,0,0,0,0,0,0,0,0,0,0,0,0,0,0,0,0,0,0.50505,0,0,0,0,1.0101,0.50505,0,2.0202,0.50505,0,0,0,0,0,0,0,0,0,0,0,0,0,0,0,0,0,0,0,0,0,0,0,0,0,0,0,0,0,0,0,0,0,0,0,0,0,0,0,0,0,0,0,0,0,0,0,0,0,0,0,0,0,0,0,0,0,0,0,0
0,0,0,0,0,0,0,0,0,0,0,0.75758,0,0,0,0,0,0,0,0,0,0,0,0,0,0,0.75758,0,0,0.37879,0,0,0,0,0,0.75758,0,1.1364,0,0,0,0,0,0,0,0,0,0,0,0,0,0,0,0,0,0,0,0,0,0,0,0,0,0,0,0,0,0,0,0,0,0,0,0,0,0,0,0,0,0,0,0,0,0,0,0,0,0,0,0,0,0,0,0,0,0,0,0,0
0,0,0,0,0,0,0,0,0,0,0,0,0.59259,0,0,0,0,0,0.59259,0,0,0,0,0,0,0,1.1852,0,0,0.59259,0,0,0,0,1.1852,0,0,1.7778,0,0,0,0,0,0,0.59259,0,0,0,0,0,0,0,0,0,0,0,0,0,0,0,0,0,0,0,0,0,0,0,0,0,0,0,0,0,0,0,0,0,0,0,0,0,0,0,0,0,0,0,0,0,0,0,0,0,0,0,0,0,0
0,0,0,0,0,0,0,0,0,0,0.88456,0,0,0,0,0,0,0,0,0,0.88456,0,0,0,0,0,0.88456,0,0,0.88456,0,0,0,0,0.88456,2.6537,0,2.6537,0,2.6537,0,0,0,0,0.88456,0,0,0,0,0,0,0,0,0,0,0,0,0,0,0,0,0,0,0,0,0,0,0,0,0,0,0,0,0,0,0,0,0,0,0,0,0,0,0,0,0,0,0,0,0,0,0,0,0,0,0,0,0,0
0,0,0,0,0,0,0,0,0,0,0,0,0,0,0,0,0,0,0,0,0,0,0,0,0,0,0,0,0,0,0,0,0,0,0,0,0,1.6234,0,0.54113,0,0,0,0,0,0,0,0,0,0,0,0,0,0,0,0,0,0,0,0,0,0,0,0,0,0,0,0,0,0,0,0,0,0,0,0,0,0,0,0,0,0,0,0,0,0,0,0,0,0,0,0,0,0,0,0,0,0,0
0,0.79365,0,0,0,0,0,0,0,0,0.79365,0,1.5873,0,0,0,0,0,0,0,0,0,0,0,0,0.79365,0,0,0,0.79365,0,0,0,0,3.9683,0,0,3.9683,0,1.5873,0,0,0,0,0,0,0,0,0,0,0,0,0,0,0,0,0,0,0,0,0,0,0,0,0,0,0,0,0,0,0,0,0,0,0,0,0,0,0,0,0,0,0,0,0,0,0,0,0,0,0,0,0,0,0,0,0,0,0
0,0,0,0,0,0,0,0,0,0,0,0,0,0,0,0,0,0,0,0,0,0,0,0,0,0,0.39683,0,0,0,0,0,0,0,0,0,0,2.381,0,0,0,0,0,0,0,0,0,0,0,0,0,0,0,0,0,0,0,0,0,0,0,0,0,0,0,0,0,0,0,0,0,0,0,0.79365,0,0,0,0,0,0,0,0,0,0,0,0,0,0,0,0,0,0,0,0,0,0,0,0,0
0,0,0,0,0,0,0,0,0,0,0,0,0,0,0,0,0,0,0,0,0,0,0,0,0,0,0,0,0,0,0,0,0,0,0,2.849,0,0,0,0,0,0,0,0,0,0,0,0,0,0,0,0,0,0.94967,0,0,0,0,0,0,0,0,0,0,0,0,0,0,0,0,0,0,0,0,0,0,0,0,0,0,0,0,0,0,0,0,0,0,0,0,0,0,0,0,0,0,0,0,0
0,0,0,0,0,0,0,0,0,0,1.1696,0,0,0,0,0,0,0,0,0,0,0,0,0,0,0,1.7544,0,0,0,0,0,0,0,0,1.1696,0,4.0936,0,0.5848,0,0,0,0,0,0,0,0,0,0,0,0,0,0,0,0,0,0,0,0,0,0,0,0,0,0,0,0,0,0,0,0,0,0,0,0,0,0,0,0,0,0,0,0,0,0,0,0,0,0,0,0,0,0,0,0,0.5848,0,0
0,0,0,0,0,0,0,0,0,0,2.7809,0.55617,0,0,0,0,0,0,0,0,0,0,0,0,0,0,0.55617,0,0,0,0,0,0,0,0.55617,0.55617,0,5.5617,0,3.8932,0.55617,0,0,0,0,0,0,0,0,0,0,0,0,0,0,0,0,0,0,0,0,0,0,0,0,0,0,0,0,0,0,0,0,0,0,0,0,0,0,0,0,0,0,0,0,0,0,0,0,0,0,0,0,0,0,0,0,0,0
0,0,0,0,0,0,0,0,0,0,1.7637,0,0,0,0,0,0,0,0,0,0,0,0,0,0,0,0.88183,0,0,0,0,0,0,0,0.88183,0,0,7.9365,0,0.88183,0,0,0,0,0,0,0,0,0,0,0,0,0,0,0,0,0,0,0,0,0,0,0,0,0,0,0,0,0,0,0,0,0,0,0,0,0,0,0,0,0,0,0,0,0,0,1.7637,0,0,0,0,0,0,0,0,0,0,0,0
0,0,0,0,0,0,0,0,0,0,0.71723,0,0,0,0,0,0,0,0,0,0,0,0,0,0,0,0.71723,0,0,0,0,0,0,0,0,0.71723,0,0.71723,0,0.71723,0,0,0,0,0,0,0,0,0,0,0,0,0,0,0,0,0,0,0,0,0,0,0,0,0,0.71723,0,0,0,0,0,0,0,0.71723,0,0,0,0,0,0,0,0,0,0,0,0,0,0,0,0,0,0,0,0,0,0,0,0,0
0,0,0,0,0,0,0,0,0,0,3.0234,0,0,0,0,0,0.75586,0,0,0,0,0.75586,0,0.75586,0,0,3.0234,0,0,0,0,0,0,0,0.75586,0.75586,0,1.5117,0,0.75586,0,0,0,0,0,0,0,0,0,0,0,0,0,0,0,0,0,0,0,0,0,0,0,0,0,0,0,0,0,0,0,0,0,0.75586,0,0,0,0,0,0,0,0,0,0,0,0,0,0,0,0,0,0,0,0,0,0,0,0,0
0,0,0,0,0,0,0,0,0,0,2.8986,0,0,0,0,0,0,0,0,0,0,0,0,0,0,0,0.96618,0,0,0,0,0,0,0,0.48309,0,0,3.8647,0,0,0,0,0,0,0,0,0,0,0.48309,0,0,0,0,0,0,0,0,0,0,0,0,0,0,0,0,0,0,0,0,0,0,0,0,0,0,0,0,0,0,0,0,0,0,0,0,0,0,0,0,0,0,0,0,0,0,0,0,0,0
0,0,0,0,0,0,0,0,0,0,5.1337,0,0,0,0,0,0,0,0,0,0,0,0,0.85561,0,0,0.85561,0,0,0,0,0,0,0,1.7112,0,0,0,0.85561,0.85561,0,0,0,0,0,0,0,0,0,0,0,0,0,0,0,0,0,0,0,0,0,0,0,0,0,0,0,0,0,0,0,0,0,0,0,0,0,0,0,0,0,0,0,0,0,0,0,0,0,0,0,0,0,0,0,0,0,0,0
0,0,0,0,1.8403,0,0,0,0,0,10.122,0,0,0,0,0,0,0,0,0,0,0,0,0,0,0,0,0,0,0,0,0,0,0,2.7605,0,0,3.6807,0,2.7605,0,0,0,0,0,0,0,0,0,0,0,0,0,0,0,0,0,0,0,0,0,0,0,0,0,0,0,0,0,0,0,0,0,0,0,0,0,0,0,0,0,0,0,0,0,0,0,0,0,0,0,0,0,0,0,0,0,0,0
0,0,0,0,0,0,0,1.0055,0,0,0,0,0,0,0,3.0166,0,0,0,0,3.0166,7.0387,0,0,0,0,0,0,0,0,0,0,0,0,0,0,0,0,0,0,0,0,0,0,0,0,0,0,0,0,0,0,0,0,0,0,1.0055,0,0,1.0055,0,0,0,0,0,0,0,0,0,0,0,0,0,0,0,0,0,0,0,0,0,0,0,0,0,0,0,0,0,0,0,0,0,0,0,0,0,0,0
0,3.3613,0,0,0,0,0,6.7227,0,0,0,0,0,0,0,10.084,0,0,0,0,10.084,0,3.3613,0,0,0,0,0,0,0,0,0,0,0,0,0,0,0,0,0,0,0,0,0,0,0,0,0,0,0,0,0,0,0,0,0,0,0,0,0,0,0,0,0,0,0,0,0,0,0,0,0,0,0,0,0,0,0,0,0,0,0,0,0,0,0,0,0,0,0,0,0,0,0,0,0,0,0,0
0,1.3158,0,0,0,0,0,0,0,0,0,0,0,0,0,1.3158,0,0,0,0,0,0,0,0,0,0,0,0,0,0,0,0,0,0,0,0,0,0,0,0,0,0,0,1.3158,0,0,0,0,0,0,0,0,0,0,0,0,0,0,0,0,2.6316,0,0,0,0,0,0,0,0,0,0,0,0,0,0,0,0,0,0,0,0,0,0,0,0,0,0,0,0,0,0,0,0,0,0,0,0,0,0
0,0,0,0,0,0,0,0,0,0,0,0,0,0,0,0,0,0,0,0,0,1.7316,0,0,0,0,0,0,0,0,0,0,0,0,0,0,0,0,0,0,0,0,0,0,0,0,0,0,0,0,0,0,0,0,0,0,0,0,0,0,0,0,0,0,0,0,0,0,0,0,0,0,0,0,0,0,0,0,0,0,0,0,0,0,0,0,0,0,0,0,0,0,0,0,0,0,0,0,0
0,0,0,0,0,0,0,0,0,0,0,0,0,0,0,0,0,0,0,0,0,0,1.6667,0,0,0,0,0,0,0,0,0,0,0,0,0,0,0,0,0,0,0,0,0,0,0,0,0,0,0,0,0,0,0,0,0,0,0,0,0,0,0,0,0,0,0,0,0,0,0,0,0,0,0,0,0,0,0,0,0,0,0,0,0,0,0,0,0,0,0,0,0,0,0,0,0,0,0,0
0,0,0,0,0,0,0,0,0,0,0,0,0,0,0,0,0,0,0,0,0,5.2597,0,0,0,0,0,0,0,0,0,0,0,0,0,0,0,0,0,0,0,0,0,0,0,0,0,0,0,0,0,0,0,0,0,0,0,0,0,0,0,0,0,0,0,0,0,0,0,0,0,0,0,2.6298,0,0,0,0,0,0,0,0,0,0,0,0,0,0,0,0,0,0,0,0,0,0,0,0,0
0,1.2346,0,1.2346,6.1728,0,0,0,0,0,0,0,0,0,0,1.2346,0,0,0,0,0,14.815,0,0,0,0,0,0,0,0,0,0,0,0,0,0,0,0,0,0,0,0,0,0,0,0,0,0,0,0,0,0,0,0,0,0,0,0,0,0,0,0,0,0,0,0,0,0,0,0,0,0,0,1.2346,0,0,0,0,0,0,0,0,0,0,0,0,0,0,0,0,0,0,0,0,0,0,0,0,0
0,0,0,0,0,0,0,0,0,0,0,0,0,0,0,3.3333,0,0,0,0,0,86.667,0,0,0,0,0,0,0,1.6667,0,0,0,0,0,0,0,0,0,0,0,0,0,0,0,0,0,0,0,0,0,0,0,0,0,0,0,0,0,0,0,0,0,0,0,0,0,0,0,0,0,0,0,0,0,0,0,0,0,0,0,0,0,0,0,0,0,0,0,0,0,0,0,0,0,0,0,0,0
0,0,0,0,13.822,0,0,0,0,0,0,1.0633,0,0,0,1.0633,0,0,0,0,5.3163,1.0633,3.1898,0,0,0,0,0,0,0,0,0,0,0,0,0,0,0,0,0,0,0,0,0,0,0,0,0,0,0,0,0,0,0,0,0,0,0,0,0,0,0,0,0,0,0,0,0,0,0,0,0,0,0,0,0,0,0,0,0,0,1.0633,1.0633,1.0633,0,0,0,0,0,0,0,0,0,0,0,0,0,0,0
0.61843,1.8553,0,0,3.0921,0,0,0,0,0,0,1.2369,0,0,0,0.61843,0,0,0,0,0.61843,1.2369,0,0,0,0,0,0,0,0,0,0,0,0,0,0,0,0,0,0.61843,0,0,0,0,0,0,0,0,0,0,0,0,0,0,0,0,0,0,0,0,0,0,0,0,0,0,0,0,0,0,0,0,0,0,0,0,0,0,0,0,1.2369,0,0,0,0,0,0,0,0,0,0,0,0,0,0,0,0,0,0
0,1.9048,0,0,2.8571,0,0,0,0,0,0,0,0,0,0,0,0,0,0,0,0.95238,0,0,0,0,0,0,0,0,0,0,0,0,0,0,0,0,0,0,0,0,0,0,0,0,0,0,0,0,0,0,0,0,0,0,0,0,0,0,0,0,0,0,0,0,0,0,0,0,0,0,0,0,0,0,0,0,0,0,0,0,0,0,0,0,0,0,0,0,0,0,0,0,0,0,0,0,0,0
0,4.4643,0,0,4.4643,0,0,0,0,0,0,0,0,0,0,0,0,0,0,0,0,0,1.4881,0,0,0,0,0,0,0,0,0,0,0,0,0,0,0,0,1.4881,0,0,0,0,0,0,0,0,0,0,0,0,0,0,0,0,0,0,0,0,0,0,0,0,0,0,0,0,0,0,0,0,0,0,0,0,0,0,0,0,0,0,0,0,0,0,0,0,0,0,0,0,0,0,0,0,0,0,0
0,0,0,0,0,0,0,0,0,0,0,0,0,0,0,0,0,0,0,0,0,3.2,0,0,0,0,0,0,0,0,0,0,0,0,0,0,0,0,0,0,0,0,0,0,0,0,0,0,0,0,0,0,0,0,0,0,0,0,0,0,0,0,0,0,0,0,0,0,0,0,0,0,0,2.4,0,0,0,0,0,0,0,0,0,0,0,0,0,0,0,0,0,0,0,0,0,0,0,0,0
0,0,0,0,2.8409,0,0,0,0,0,0,0,0,0,0,0,0,0,0,0,0,1.4205,1.4205,0,0,0,0,0,0,0,0,0,0,0,0,0,0,0,0,0,0,0,0,0,0,0,0,0,0,0,0,0,0,0,0,0,0,0,0,0,0,0,0,0,0,0,0,0,0,0,0,0,0,1.4205,0,0,0,0,0,0,0,0,0,0,0,0,0,0,0,0,0,0,0,0,0,0,0,0,0
0,3.4475,0,0,20.685,0,0,0,0,0,0,0,0,0,0,0,0,0,0,0,0,20.685,0,0,0,0,0,0,0,0,0,0,0,0,0,0,0,0,0,1.7238,0,0,0,0,0,0,0,0,0,0,0,0,0,0,0,0,0,0,0,0,0,0,0,0,0,1.7238,0,0,0,0,0,0,0,1.7238,0,0,0,0,0,0,0,0,3.4475,0,0,0,0,0,0,0,0,0,0,0,0,0,0,0,0
0,0,0,0,0,0,0,0,0,0,0,0,1.2759,0,0,0,0,0,0,0,0,0,0,0,0,0,0,0,0,0,0,0,0,0,0,0,0,0,0,0,0,0,0,0,0,0,0,0,0,0,0,0,0,0,0,0,0,0,0,0,0,0,0,0,0,0,0,0,0,0,0,0,0,0,0,0,0,0,0,0,0,0,0,0,0,0,0,0,0,0,0,0,0,0,0,0,0,0,0
0,0,0,0,6.3796,0,0,1.0633,0,0,0,0,0,0,0,0,0,0,0,0,0,0,0,0,0,0,0,0,0,0,0,0,0,0,0,0,0,0,1.0633,0,0,0,0,0,0,0,0,0,0,0,0,0,0,0,0,0,0,0,0,0,0,0,0,0,0,0,0,0,0,0,0,0,0,0,0,0,2.1265,0,0,0,0,0,0,0,0,0,8.5061,0,0,0,0,0,0,0,0,0,0,0,0
0,0,0,0,48.315,0,0,5.0858,0,0,0,2.5429,0,0,0,0,0,0,0,0,0,0,0,0,0,0,5.0858,0,0,0,0,0,0,0,0,0,0,0,0,0,0,0,0,5.0858,0,0,2.5429,0,0,0,0,0,0,0,0,0,0,0,0,0,0,0,0,0,0,0,0,0,0,0,0,0,0,0,0,0,5.0858,0,0,0,0,0,0,0,0,0,0,0,0,0,0,0,0,0,0,0,0,0,0
0,0,0,0,4.0727,0,0,0,0,0,0,0,0,0,0,0,0,0,0,0,0,0,0,0,0,0,1.1636,0,0,0,0,0,0,0,0,0,0,0,0,0,0,0,0,0.58182,0,0,0.58182,0,0,0,0,0,0,0,0,0,0.58182,0,0,0,0,0,0,0,0,0,0,0,0,0,0,0,0,0,0,0,0,0,0,0,0,0,0,0,0,0,1.7455,0.58182,0,0,0,0,0,0,0,0,0,0,0
0,0,0,0,2.108,0,0,0,0,0,0,0,0,0,0,0,0,0,0,0,0,0,0,0,0,0,3.1621,0,0,0,0,0,0,0,0,0,0,0,0,0,0,0,0,1.054,0,0,1.054,0,0,0,0,0,0,0,0,0,0,0,0,0,0,0,0,0,0,0,0,0,0,0,0,0,0,0,0,0,2.108,0,0,0,0,0,0,0,0,0,0,0,0,0,0,0,0,0,0,0,0,0,0
0,0,0,0,7.5758,0,0,0,0,0,0,0,0,0,0,0,0,0,0,0,0,0,0,0,0,0,5.0505,0,0,0,0,0,0,0,0,0,0,0,0,0,0,0,0,0,0,0,0,0,0,0,0,0,0,0,0,0,0,0,0,0,0,0,0,0,0,0,0,0,0,0,0,0,0,0,0,0,0,0,0,0,0,0,0,0,0,0,0,0,0,0,0,0,0,0,0,0,0,0,0
0,0,0,0,0,0,0,0,0,0,0,0,0,0,0,0,0,0,0,0,0,1.3076,0,0,0,0,0,0,0,0,0,0,0,0,0,0,0,0,0,0,0,0,0,0,0,0,0,0,0,0,0,0,0,0,0,0,0,0,0,0,0,0,0,0,0,0,0,0,0,0,0,0,0,1.3076,0,0,0,0,0,1.3076,0,0,0,0,0,0,0,0,0,0,0,0,0,0,0,0,0,0,0
0,0.87174,0,0,2.6152,0,0,0,0,0,0,0,0,0,0,0,0,0,0,0,0,0.87174,2.6152,0,0,0,0,0,0,0,0,0,0,0,0,0,0,0,0,0,0,0,0,0.87174,0,0,0,0,0,0,0,0,0,0,0,0,0,0.87174,0,0,0,0,0,0,0,0,0,0,0,0,0,0,0,0,0,0,0,0,0,0,0,0,0,0,0,0,0,0,0,0,0,0,0,0,0,0,0,0,0
0,0,0,0,0,0,0,0,0,0,0,0,0,0,0,0,0,0,0,0,0,0,2.8746,0,0,0,0,0,0,0,0,0,0,0,0,0,0,0,0,0,0,0,0,0.71865,0,0,0,0,0,0,0,0,0,0,0,0,0,0,0,0,0,0,0,0,0,0,0,0,0,0,0,0,0,1.4373,0,0,0,0,0,0,0,0,0,0,0,0,0,0,0,0,2.1559,0,0,0,0,0,0,0,0
0,0,0,0,0,0,0,0,0,0,0,0,0,0,0,6.8027,0,0,0,0,1.7007,0,0,0,0,0,0,0,0,0,0,0,1.7007,0,0,0,0,0,0,0,0,0,0,3.4014,0,0,0,0,0,0,0,0,0,0,0,0,0,0,0,0,0,1.7007,0,0,0,0,0,0,0,0,0,0,0,0,0,0,0,0,0,0,0,0,0,0,0,0,0,0,0,0,0,0,0,0,0,0,0,0,0
0,0,0,0,0,0,0,0,0,0,0,0,0,0,0,2.7473,0,0,1.3736,1.3736,6.8681,75.549,0,0,0,0,1.3736,0,0,0,0,0,0,0,0,0,0,1.3736,0,0,0,0,0,0,0,0,0,0,0,0,0,0,0,0,0,0,0,0,0,0,0,0,0,0,0,0,0,0,0,0,0,0,0,0,0,0,0,0,0,0,0,0,0,0,0,0,0,0,0,0,0,0,0,0,0,0,0,0,0
0,0,0,0,0,0,0,0,0,0,0,0,0,0,0,2.4691,0,0,1.6461,0,0.82305,17.284,0,0,0,0,1.6461,0,0,0,0,0,0.82305,0,0,0,0,0,0,0,0,0,0,0,0,0,0,0,0,0.82305,0,0,0,0,0,0,0,0,0,0,0,0,0,0,0,0,0,0,0,0,0,0,0,0,0,0,0,0,0,0,0,0,0,0,0,0,0,0,0,0,0,0,0,0,0,0,0,0,0
0,0,0,0,0,0,0,0,0,0,0,0,0,0,0,6.6964,0,0,2.2321,1.1161,0,22.321,0,0,1.1161,0,0,0,0,1.1161,0,0,2.2321,0,0,0,0,1.1161,0,0,0,0,0,0,0,0,0,0,0,0,0,0,0,0,0,0,0,0,0,0,0,0,0,0,0,0,0,0,0,0,0,0,0,0,0,0,0,0,0,0,0,0,0,0,0,0,0,0,0,0,0,0,0,0,0,0,0,0,0
0,0,0,0,0.83333,0,0,0,0,0,0,0,0,0,0,0,0,0,0,0,0,5.8333,0,0,0,0,0,0,0,0,0,0,0,0,0,0,0,0,0,0,0,0,0,0,0,0,0,0,0,0,0,0,0,0,0,0,0,0,0,0,0,0,0,0,0,0,0,0,0,0,0,0,0,0,0,0,0,0,0,0,0,0,0,0,0,0,0,0.83333,0,0,0,0,0,0,0,0,0,0,0
0,0,0,0,0,0,0,0,0,0,0,0,0,0,0,0,0,0,0,0,0,5.4741,0,0,0,0,0,0,0,0,0,0,0,0,0.78201,0,0,0,0,0,0,0,0,0,0,0,0,0,0,0,0,0,0,0,0,0,0,0,0,0,0,0,0,0,0,0,0,0,0,0,0,1.564,0,0,0,0,0,0,0,0,0,0,0,0,0,0,0,0,0,0,0,0,0,0,0,0,0,0,0
0,0,0,0,0,0,0,0,0,0,0,0,0,0,0,0,0,0,0,0.99206,0,16.865,0,0,0,0,0,0,0,0,0,0,0,0,1.9841,0,0,0,0,0.99206,0,0,0,0,0,0,0,0,0,0,0,0,0,0,0,0,0,0,0,0,0,0,0,0,0,0,0,0,0,0,0,0,0,0,0,0,0,0,0,0,0,0,0,0,0,0,0,0.99206,0,0,0,0,0,0,0,0,0,0,0
0,0,0,0,0,0,0,0,0,0,0,0,0,0,0,0,0,0,0,0,0,20.098,0,0,0,0,0,0,0,0,0,0,0,0,0,0,0,0,0,0,0,0,0,0,0,0,0,0,0,0,0,0,0,0,0,0.4902,0,0,0,0,0,0,0,0,0,0,0,0,0,0,0,0,0,0,0,0,0,0,0,0,0,0,0,0,0,0,0,0.4902,0,0,0,0,0,0,0,0,0,0,0
0,0,0,0,0,0,0,0,0,0,0,0,0,0,0,1.8939,0,0,0,0,0,0,0,0,0,0,0,0,1.8939,1.8939,0,0,0,0,0,0,0,0,0,1.8939,0,0,0,1.8939,0,0,0,0,0,0,0,0,0,0,0,0,0,0,0,0,0,0,0,0,0,0,0,0,0,1.8939,0,0,0,0,0,0,0,1.8939,0,0,0,0,0,0,0,0,0,0,0,0,0,0,0,0,0,0,0,0,0
0,0,0,0,0,0,0,0,0,0,0,0,0,0,0,0,0,0,0,0,4.884,4.884,0,0,0,0,0,0,0,0,0,0,0,0,0,0,0,0,0,0,0,0,0,7.326,0,0,2.442,0,0,0,0,0,0,0,0,0,0,0,0,0,0,0,0,0,0,0,0,0,0,0,0,0,0,2.442,0,0,0,0,0,0,0,0,0,0,0,0,0,0,0,0,0,0,0,0,0,0,0,0,0
0,0,0,0,0,0,0,0,0,0,0,0,0,0,0,0,0,3.5273,0,0,1.7637,0,0,0,0,0,0,0,0,1.7637,0,0,0,0,0,0,0,0,0,0,0,0,0,1.7637,0,0,0,0,0,0,0,0,0,0,0,0,0,0,0,0,0,0,0,0,0,0,0,0,0,0,0,0,0,5.291,0,0,0,0,0,0,0,0,0,0,0,0,0,0,0,0,0,0,0,0,0,0,0,0,0
0,0,0,0,0,0,0,0,0,0,0,0,0,0,0,2.4631,0,0,1.2315,0,0,0,0,0,0,0,0,0,0,2.4631,0,0,0,0,0,0,0,0,0,0,0,0,0,1.2315,0,0,0,0,0,0,0,0,0,0,0,0,0,0,0,0,0,0,0,0,0,0,0,0,0,0,0,0,0,0,0,0,0,0,0,0,0,0,0,0,0,0,0,0,0,0,0,0,0,0,0,0,0,0,0
0,1.9724,0,0,1.9724,0,0,0,0,0,0,0,0,0,0,3.9448,0,0,0,0,0,0,1.9724,0,0,0,0,0,0,0,0,0,0,0,0,0,0,0,0,0,0,0,0,0,0,0,0,0,0,0,0,0,0,0,0,0,0,0,0,0,0,0,0,0,0,0,0,0,0,0,0,0,0,1.9724,0,0,0,0,0,0,0,0,0,0,0,0,0,0,0,0,0,0,0,0,0,0,0,0,0
0,0,0,0,0,0,0,0,0,0,0,0,0,0,0,0,0,0,0,0,0,0,0,0,0,0,0,0,0,0,0,0,0,0,0,0,0,0,0,0,0,0,0,1.2821,0,0,0,0,0,0,0,0,0,0,0,0,0,0,0,0,0,0,0,0,0,0,0,0,0,0,0,0,0,0,0,0,0,0,0,0,0,0,0,0,0,0,0,0,0,0,0,0,0,0,0,0,0,0,0
0,0,0,0,0,0,0,0,0,0,0,0,0,0,0,1.9157,0,0,0,0,0,0,0,0,0,0,0,0,0,0,1.9157,0,0,0,0,0,0,0,0,0,0,0,0,1.9157,0,0,0,0,0,0,0,0,0,0,0,0,0,0,0,0,0,0,0,0,0,0,0,0,0,0,0,0,0,1.9157,0,0,0,0,0,0,0,0,0,0,0,0,0,0,0,0,0,0,0,0,0,0,0,0,0
0,0,0,0,2.1978,0,0,0,0,0,0,0,0,0,0,0,0,0,0,0,0,0,2.1978,0,0,0,0,0,0,0,0,0,0,0,0,0,0,0,0,0,0,0,0,0,0,0,0,0,0,0,0,0,0,0,0,0,0,0,0,0,0,0,0,0,0,0,0,0,0,0,0,0,0,2.1978,0,0,0,0,0,0,0,0,0,0,0,0,2.1978,0,0,0,0,0,0,0,0,0,0,0,0
0,0,0,0,0.75054,0,0,0,0,0,0,0,0,0,0,0,0,0,0,0,0,0,0,0,0,0,3.7527,0,0,0.75054,0,0,0,0,0,0,0,0,0,1.5011,0,0,0,0,0,0,0,0,0,0,0,0,0.75054,0,0,0,0,0,0,0,0,0,0,0,0,0,0,0,0,0,0,0,0,0,0,0,0,0,0,0,0,0,0,0,0,0,0,0,0,0,0,0,0,0,0,0,0,0,0
0,0,0,0,7.1225,0,0,0,0,0,0,0,0,0,0,0,0,0,0,0,0,0,0,0,0,0,2.849,0,0,1.4245,0,0,0,0,0,0,0,0,1.4245,1.4245,0,0,0,0,0,0,0,0,0,0,0,0,0,0,0,0,0,0,0,0,0,0,0,0,0,0,0,0,0,0,0,0,0,0,0,0,0,0,0,0,0,0,0,0,0,0,4.2735,0,0,0,0,0,0,0,0,0,0,0,0
0,0,0,0,4.0816,0,0,0,0,0,0,0,0,0,0,0,0,0,0,0,0,0,0,0,0,0,1.3605,0,0,0,0,0,0,0,0,0,0,0,0,0,0,0,0,0,0,0,1.3605,0,0,0,0,0,0,0,0,0,0,0,0,0,0,0,0,0,0,0,0,0,0,0,0,0,0,0,0,0,0,0,0,0,0,0,0,0,0,0,4.0816,0,0,0,0,0,0,0,0,0,0,0,0
0,0,0,0,4.8818,0,0,0,0,0,0,0.61022,0,0,0,0,0,0,0,0,0,0,0,0,0,0,2.4409,0,0,0,0,0,0,0,0,0,0,0,1.8307,0.61022,0,0.61022,0,0,0,0,1.2204,0,0,0,0,0,0,0,0,0,0,0,0,0,0,0,0,0,0,0,0,0,0,0,0,0,0,0,0,0,0,0,0,0,0,0,0,0,0,0,1.2204,0,0,0,0,0,0,0,0,0,0,0,0
0,0,0,0,0,0,0,0,0,0,0,0,0,0,0,0,0,0,0,0,0,0,0,0,0,0,0,0,0,0.70884,0,0,0,0,0,0,0,0,0,0,0,0,0,0,0,0,0.70884,0,0,0,0,0,0,0,0,0,0,0,0,0,0,0,0,0,0,0,0,0,0,0,0,0,0,0.70884,0,0,0,0,0,0,0,0,0,0,0,0,0,0,0,0,0,0,0,0,0,0,0,0,0
0,0,0,0,0,0,0,0,0,0,0,0,0,0,0,0,0,0,0,0,0,0,0,0,0,0,0,0,0,0,0,0,0,0,0,0,0,0,0.89969,1.7994,0,0,0,1.7994,0,0,0,0,0,0,0,0,0,0,0,0,0,0,0,0,0,0,0,0,0,0,0,0,0,0,0,0,0,0,0,0,0,0,0,0.89969,0,0,0,0,0,0,0,0,0,0,0,0,0,0,0,0,0,0,0
0,0,0,0,4.5249,0,0,0,0,0,0,0,0,0,0,0,0,0,0,0,0,0,0,0,0,0,0,0,0,0,0,0,0,0,0,0,0,0,1.1312,2.2624,0,0,0,0,0,0,0,0,0,0,0,0,0,0,0,0,0,0,0,0,0,0,0,0,0,3.3937,0,0,0,0,0,0,0,1.1312,0,0,0,0,0,0,0,0,0,0,0,0,0,0,0,0,0,0,0,0,0,0,0,0,0
0,0,0,0,0,0,0,0,0,0,0,0,0,0,0,0,0,0,0,0,0,0,0,0,0,0,0,0,0,0,0,0,0,0,0,0,0,1.7582,0,3.5165,0,0,0,0,0,0,1.7582,0,0,0,0,0,0,0,0,0,0,0,0,0,0,0,0,0,0,0,0,0,0,0,0,0,0,0,0,0,0,0,0,0,0,0,0,0,0,0,0,0,0,0,0,0,0,0,0,0,0,0,0
0,0,0,0,0,0,0,0,0,0,0,1.5326,0,0,0,0,0,0,0,0,0,0,0,0,0,0,0,0,0,0,0,0,0,0,0,6.8966,0,0,0,0,0,0,0,0,0,0,0,0,0,0,0,0,0,0,0,0,0,0,0,0,0,0,0,0,0,0,0,0,0,0,0,0,0,0,0,0,0,0,0,0,0,0,0,0,0,0,0,0,0,0,0,0,0,0,0,0,0,0,0
0,0,1.6461,0,0,0,0,0,0,0,0,0,0,0,0,0,0,0,1.6461,0,0,3.2922,0,0,0,0,0,0,0,0,0,0,0,0,0,3.2922,0,0,0,0,0,0,0,0.82305,0,0,0,0,0,0,0,0,0,0,0,0,0,0,0,0,0,0,0,0,0,0,0,0,0,0,0,0,0,0,0,0,0,0,0,0,0,0,0,0,0,0,0,0,0,0,0,0,0,0,0,0,0,0,0
0,0,0,0,0,6.5934,0,2.1978,0,0,0,0,0,0,0,0,0,0,0,0,0,8.7912,0,0,0,0,0,0,0,0,0,0,0,0,0,8.7912,0,0,0,0,0,0,0,0,0,0,0,0,0,0,0,0,0,0,0,0,0,0,0,0,0,0,0,0,0,0,0,0,0,0,0,0,0,0,0,0,0,0,0,0,0,0,0,0,0,0,0,0,0,0,0,0,0,0,0,0,0,0,0
0,0,0,0,0,0,0,0,0,0,0,0,0,0,0,0,0,0,0,0,0,0,0,0,0,0,0,0,0,0,0,0,0,0,0,14.286,0,0,0,0,0,0,0,0,0,0,0,0,0,0,0,0,0,0,0,0,0,0,0,0,0,0,0,0,0,0,0,0,0,0,0,0,0,0,0,0,0,0,0,0,0,0,0,0,0,0,0,0,0,0,0,0,0,0,0,0,0,0,0
0,0.54466,0,0,0,0,0,0,0,0,0,1.0893,0,0,0,0,0,0,0,0,8.7146,0,1.0893,0,0,0,1.634,0,0.54466,0,0,0,0,0,0,0,0,0,0,0,0,0,0,0.54466,0,0,0,0,0,0,0,0,0,0,0,0,0,0,0,0,0,0,0,0,0,0,0,0,0,0,0,0,0,0,0,0,0,0,0,0,0,0,0,0,0,0,0,0,0,0,0,0,0,0,0,0,0,0,0
0.81925,1.6385,0,0,0,0,0,0,0,0,0,0,0,0,0,4.0963,0,0,0,0,2.4578,0,2.4578,0,0,0,1.6385,0,0,0,0,0,0,0,0,0,0,0,0,0,0,0,0,0,0,0,0,0,0,0,0,0,0,0,0,0,0,0,0,0,0,0,0,0,0.81925,0,0,0,0,0,0,0,0,0,0,0,0,0,0,0,0,0,0,0,0,0,0,0,0,0,0,0,0,0,0,0,0,0,0
0,1.0965,0,0,0,0,0,0,0,0,0,0,0,0,0,0,0,0,0,0,0,0,0,0,0,0,0,0,0,0,0,0,0,0,0,0,0,0,0,0,0,1.0965,0,0,0,0,3.2895,0,0,0,0,0,0,0,0,0,0,0,0,0,0,0,0,0,0,1.0965,0,0,0,0,0,0,0,0,0,0,0,0,0,0,0,0,0,0,0,0,0,0,0,0,0,0,0,0,0,0,0,0,0
0,0,0,0,0,0,0,0,0,0,0,0.53476,0,0,0,0.53476,0,0,0,0,0,0,0,0,0.53476,0,0,0,0,0,0,0,0,0,0,1.0695,0,0,0,0,0,0,0,1.0695,0,0,0,0,0,0,0,0,0,0,0,0,0,0,0,0,0,0,0,0,0,0,0,0,0,0,0,0,0,0,0,0,0,0,0,0,0,0,0,0,0,0,0,0,0,0,0,0,0,0,0,0,0,0,0
0,0,0,0,0,0,0,0.92593,0,0,0,0,0,0,0,0,0,0,1.8519,0,0,0,0,0,0,0,0,0,0,0,0,0,0,0,0,0,0,0,0.92593,0.92593,0,0,0,0,0,0,0,0,0,0,0,0,0,0,0,0,0,0,0,0,0,0,0,0,0,0,0,0,0,0,0,0,0,0,0,0,0,0,0,0,0,0,0,0,0,0,0,0,0,0,0,0,0,0,0,0,0,0,0
0,0,0,0,0.38314,0,0,0,0,0,0,0.76628,0,0,0,0,0,0,0,0,0,0,0,0.76628,0.38314,0.38314,0,0,0,0,0,0,0,0,0,0,0,0,0,0.38314,0,0,0,1.9157,0,0,0,0,0,0,0,0,0,0,0,0,0,0,0,0,0,0,0,0,0,0,0,0,0,0,0,0,0,0,0,0,0,0,0,0,0,0,0,0,0,0,0,0,0,0,0,0,0,0,0,0,0,0,0
0,0,0,0,0,0.37202,0,0,0,0,0,0.37202,0,0,0,0,0,0,0,0,0,0,0,0,0.74405,0,0,0,0,0,0,0,0,0,0,0,0,0,0,0,0,0,0,0.37202,0,0,0,0,0,0,0,0,0,0,0,0,0,0,0,0,0,0,0,0,0,0,0,0,0,0,0,0,0,0.37202,0,0,0,0,0,0,0,0,0,0,0,0,0,0,0,0,0,0,0,0,0,0,0,0,0
0,0,0,0,0,0,0,0,0,0,0,1.3441,0,0,0,0,0,0,1.3441,0,0,1.3441,0,0,1.3441,0,0,0,0,0,0,0,0,0,0,0,0,0,0,0,0,0,0,0,0,0,0,0,0,0,0,0,0,0,0,0,0,0,0,0,0,0,0,0,0,0,0,0,0,0,0,0,0,0,0,0,0,0,0,0,0,0,0,0,0,0,0,0,0,0,0,0,0,0,0,0,0,0,0
0,0,0,0,1.9753,0,0,0,0,0,0,0,0,0,0,0,0,0,0,0,0,0,0,0,0,0,0,0,0,0,0,0,0,0,0,0,0,0,0,0,0,0,0,1.9753,0,0,0,0,0,0,0,0,0,0,0,0,0,0.98765,0,0,0,0,0,0,0,0,0,0,0,0.98765,0,0,0,0,0,0,0,0,0,0,0,0,0,0,0,0,0,0,0,0,0,0,0,0,0,0,0,0,0
0,0,0,0,6.5844,0,0,0,0,0,0,0.82305,0,0,0,0,0,0,0,0,0,0,1.6461,0.82305,0,0,0,0,0,0,0,0,0,0,0.82305,0,0,0,0,0,0,0,0,0,0,0,0,0,0,0,0,0,0,0,0,0,0,0,0,0,0,0,0,0,0,0,0,0,0,0,0,0,0,0.82305,0,0,0,0,0,1.6461,0,0,0,0,0,0,0,0,0,0,0,0,0,0,0,0,0,0,0
0,1.0741,0,0,10.741,0,0,0,0,0,0,1.0741,0,0,0,0,0,0,0,0,0,0,0,1.0741,0,0,0,0,0,0,0,0,0,0,0,0,0,0,0,1.0741,0,0,0,3.2223,0,0,0,0,0,0,0,0,0,0,0,0,0,0,0,0,0,0,0,0,0,0,0,0,0,6.4447,0,0,0,1.0741,0,0,0,0,0,0,0,0,0,0,0,0,0,0,0,0,0,0,0,0,0,0,0,0,0
0,0,0,0,4.6452,0,0,0,0,0,0,0,0,0,0,0.51613,0,0,0,0,0,0,0,0,0,0,0,0,0,0,0,0,0,0,0.51613,0,0,0,0,0,0,0,0,0,0,0,0,0,0,0,0,0,0,0,0,0,0,0,0,0,0,0,0,0,0,0,0,0,0,0,0,0,0,0.51613,0,0,0,0,0,0,0,0,0,0,0,0,0,0,0,0,0,0,0,0,0,0,0,0,0
0,0,0,0,3.0364,0,0,0,0,0,0,0,0,0,0,0,0,0,0,0,0,0,0,0,0,0,0,0,0,0,0,0,0,0,0,0,0,0,0,0,0,0,0,0,0,0,0,0,0,0,0,0,0,0,0,0,0,0,0,0,0,0,0,0,0,0,0,0,0,0,0,0,0,0,0,0,0,0,0,0,0,0,0,0,0,0,2.0243,0,0,0,0,0,0,0,0,0,0,0,0
0,0,0,0,0,0,0,0,0,0,0,0,0,0,0,0,0,0,0,0,0,0,0,0,0,0,0,0,0,0,0,0,0,0,0,0,0,0,0,0,0,0,0,0,0,0,0,0,0,0,0,0,0,0,0,0,1.7094,0,0,0,0,0,0,0,0,0,0,0,0,0,0,0,0,0,0,0,0,0,0,0,0,0,0,0,0,0,0,0,0,0,0,0,0,0,0,0,0,0,0
0,0,0,0,2.5622,0,0,0,0,0,0,0,0,0,0,0,0,0,0,0,0,0,0,0,0,0,0,0,0,0.85406,0,0,0,0,0,0,0,0,0,0,0,0,0,0,0,0,0,0,0,0,0,0,0,0,0,0,0,0,0,0,0,0,0,0,0,0,0,0,0,0,0,0,0,0,0,0,0,0,0,0,0,0,0.85406,0,0,0,0.85406,0,0,0,0,0,0,0,0,0,0,0,0
0,0,0,0,3.1689,0,0,0,0,0,0,0,0.79224,0,0,0.79224,0,0.79224,0,0,0,0,0,0,0,0,0,0,0,0,0,0,0,0,0.79224,0,0,0,0,0.79224,0,0,0,0,0,0,0,0,0,0,0,0,0,0,0,0,0,0,0,0,0,0,0,0,0,0,0,0,0,0,0,0,0.79224,0,0,0,0,0,0,0,0,0,0,0,0,0,0,0,0,0,0,0,0,0,0,0,0,0,0
0.83542,1.6708,0,0,4.1771,0,0,0,0,0,0,0,0,0,0,0,0,0,5.0125,0.83542,4.1771,0.83542,0.83542,0,0,0,0,0,0,0,0,0,0,0,0,0,0,0,0,0,0,0,0,0,0,0,0,0,0,0,0,0,0,0,0,0,0,0,0,0,0,0,0,0,0,0,0,0,0,0,0,0,0,0,0,0,0,0,0,0,0,0,0,0,0,0,0,0,0,0,0,0,0,0,0,0,0,0,0
0,1.0582,0,0,0,1.5873,0,0,0,0,0,1.0582,0,0,0,0.5291,0,0.5291,3.7037,1.0582,0,5.8201,0.5291,0,0,0,0,0,0,0,0,0,0,0,0,0,0,0,0,0,0,0,0,0,0,0,0,0,0,0,0,0,0,0,0,0,0,0,0,0,0,0,0,0,0,0,0,0,0,0,0,0,0,0,0,0,0,0,0,0,0,0,0,0,0,0,0,0,0,0,0,0,0,0,0,0,0,0,0
0,0,0,0,0,0,0,0,0,0,0,0,0,0,0,0,0,0,4.2017,0.70028,2.1008,0,0,0,0,0,0,0,0,0,0,0,0,0,0,0,0,0,0,0,0,0,0,0,0,0,0,0,0,0,0,0,0,0,0,0,0,0,0,0,0,0,0,0,0,0,0,0,0,0,0,0,0,0,0,0,0,0,0,0,0,0,0,0,0,0,0,0,0,0,0,0,0,0,0,0,0,0,0
0,0,0,0,0,1.3793,0,0,0,0,0,0,1.3793,0,0,0,0,0,2.7586,3.4483,3.4483,0.68966,0,0.68966,0.68966,0,0,0,0,0,0,0,0,0,0,0,0,0,0,0,0,0,0,0,0,0,0,0,0,0,0,0,0,0,0,0,0,0,0,0,0,0,0,0,0,0,0,0,0,0,0,0,0,0,0,0,0,0,0,0,0,0,0,0,0,0,0,0,0,0,0,0,0,0,0,0,0,0,0
0,1.9111,0,0,0,2.8667,0,0,0,0,0,0,0,0,0,0,0,0,0,0,0,0.95557,0,0,0,0,0,0,0,0,0,0,0,0,0,0,0,0,0,0,0,0,0,0,0,3.8223,0,0,0,0,0,0,0,0,0,0,0,0,0,0,0,0,0,0,0,0,0,0,0,0,0,0,0,0,0,0,0,0,0,0,0,0,0,0,0,0,0,0,0,0,0,0,0,0,0,0,0,0,0
0,0.65746,0,0,0,0,0,0,0,0,0,0.65746,0,0,0,0,0,0,0,4.6022,0,36.16,0,0,0,0,0,0,0,0,0,0,0,0,0,0,0,0,0,0,0,0,0,0,0,0.65746,0,0,0,0,0,0.65746,0,0,0,0,0,0,0,0,0,0,0,0,0,0,0,0,0,0,0,0,0,0,0,0,0,0,0,0,0,0,0,0,0,0,0,0,0,0,0,0,0,0,0,0,0,0,0
0,2.0063,0,0,0,0,0,0,0,0,0,0,0,0,0,0,0,0,0,1.0031,0,1.0031,0,0,0,0,0,0,0,0,0,0,0,0,0,0,0,0,0,0,0,0,0,0,0,1.0031,0,0,0,0,0,0,0,0,0,0,0,0,0,0,0,0,0,0,0,0,0,0,0,0,0,0,0,0,0,0,0,0,0,0,0,0,0,0,0,0,0,0,0,0,0,0,0,0,0,0,0,0,0
0,0.51282,0,0,0,0,0,0,0,0,0,0,0,0,0,0,0,0,0,0,0,4.6154,0,0,1.0256,0,0,0,0,0,0,0,0,0,0,0,0,0,0,0,0,0,0,0,0,0.51282,0,0,0,0,0,0,0,0,0,0,0,0,0,0,0,0,0,0,0,0.51282,0,0,0,0,0,0,0,0.51282,0,0,0,0,0,0,0,0,0,0,0,0,0,0,0,0,0,0,0,0,0,0,0,0,0
0,0,0,0,0,0,0.26261,0.26261,0,0,0,0,0,0,0,0.52521,0,0,0.52521,0,0.26261,0,0.78782,0,0.52521,0,0,0,0,0.26261,0,0,0,0,0,0,0,0,0,0.26261,0,0.26261,0,0,0,0,0,0,0,0,0,0,0,0,0,0,0,0,0,0,0,0,0,0,0,0,0,0,0,0,0,0,0,0.26261,0,0,0,0,0.26261,0,0,0,0,0,0,0,0,0,0,0,0,0,0,0,0,0,0,0,0
0,1.3889,0,0,0,0,0,0,0,0,0,0,0,0,0,0,0,0,0.69444,0,0,0,2.0833,0,0,0,0,0,0,2.7778,0,0,0,0,0,0,0,0,0,0,0,0,0,0,0,0,0,0,0,0,0,0,0,0,0,0,0,0,0,0,0,0,0,0,0,0,0,0,0,0,0,0,0,0,0,0,0,0,0,0,0,0,0,0,0,0,0,0,0,0,0,0,0,0,0,0,0,0,0
0,1.8029,0,0,0,0.60096,0,0,0,0,0,0,0,0,0,0.60096,0,0,4.8077,0,0,0,2.4038,0,1.8029,0,0,0,0,0,0,0,0,0,0,0,0,0,0,0,0,0,0,0,0,0,0,0,0,0,0,0,0,0,0,0,0,0,0,0,0,0,0,0,0,0,0,0,0,0,0,0,0,1.2019,0,0,0,0,0,0,0,0,0,0,0,0,0,0,0,0,0,0,0,0,0,0,0,0,0
0,0.48876,0,0,0,0,0,0,0,0,0,0,0,0,0,0,0,0,1.4663,0,0,0,0.97752,0,0,0,0.48876,0,0,0.97752,0,0,0,0,0,0,0,0,0,0,0,0,0,0,0,0,0,0,0,0,0,0,0,0,0,0,0,0,0,0,0,0,0,0,0,0,0,0,0,0,0,0,0,0,0,0,0,0,0,0.48876,0,0,0,0,0,0,0,0,0,0,0,0,0,0,0,0,0,0,0
0,0.5629,0,0,1.1258,0,0,0,0,0,0,0,0,0,0,0.5629,0,0,0,0,0,0,0,0,0,0,0,0,0,0,0,0,0,0,0,0,0,0,0,0,0,0,0,0,0,0,0,0,0,0,0,0,0,0,0,0,0,0,0,0,0,0,0,0,0,0,0,0,0,0,0,0,0,0.5629,0,0,0,0,0,0,0,0,0,0,0,0,0,0,0,0,0,0,0,0,0,0,0,0,0
0.69013,0,0,0,0,0.69013,0,0,0,0,0,0,0,0,0,0,0.69013,0,0.69013,0,0,0,0.69013,0,0.69013,0,0,0,0,0,0,0,0,0,0,0,0,0,0,0,0,0,0,0,0,0,0,0,0,0,0,0,0,0,0,0,0,0,0,0,0,0,0,0,0,0,0,0,0,0,0,0,0,0,0,0,0,0,0,0,0,0,0,0,0,0,0,0,0,0,0,0,0,0,0,0,0,0,0
0,0,0,0,0,0,0,0,0,0,0,0,0,0,0,0.99206,0,0,0,0,0,0,0,0,0,0,0,0,0,0,0,0,0,0,0,0,0,3.9683,0,0,0,0,0,0,0,0,0,0,0,0,0,0,0,0,0,0,0,0,0,0,0,0,0,0,0,0,0,0,0,0,0,0,0,0,0,0,0,0,0,0,0,0,0,0,0,0,0,0,0,0,0,0,0,0,0,0,0,0,0
0,7.326,0,0,1.8315,0,0,0,0,0,0,0,0,0,0,0,0,0,1.8315,0,0,0,0,0,1.8315,0,0,0,0,0,0,0,0,0,0,0,0,0,0,1.8315,0,0,0,0,0,0,0,0,0,0,0,0,0,0,0,0,0,0,0,0,0,0,0,0,0,0,0,0,0,3.663,0,0,0,1.8315,0,0,0,0,0,0,0,0,0,0,0,0,1.8315,0,0,0,0,0,0,0,0,0,0,0,0
0,0.6874,0,0,4.8118,0,0,8.2488,0,0,0,0,0,0,0,0.6874,0,0,0,0,0,0,0,0,0,0,0,0,0,0.6874,0,0,0,0,0,0,0,0,1.3748,0,0,0,0,0,0,0,0,0,0,0,0,0,0,0,0,0,0,0,0,0,0,0,0,0,0,0,0,0,0,0,0,0.6874,0,0,0,0,0,0,0.6874,0,0,0,0,0,0,0,4.8118,0,0,0,0,0,0.6874,0,0,0,0,0,0
0,1.8519,0,0,0.92593,0,0,6.4815,0,0,0,0,0,0,0,0.46296,0,0,0,0,0.46296,0,0,0.46296,0,0,0,0,0,1.3889,0,0,0,0,0,0,0,0,0.46296,0.46296,0,0.46296,0,0.46296,0,0,0,0,0,0,0,0,0,0,0,0,0,0,0,0,0,0,0,0,0,0,0,0,0,0,0,0,0,0,0,0,0,0,0,0,0,0,0,0,0,0,1.8519,0.46296,0,0,0,0,0,0,0,0,0,0,0
0,2.8359,0,0,0,0,0,17.724,0,0,0,0,0,0,0,1.4179,0,0,0,0,0,0.70897,1.4179,0,0,0,0,0,0,0,0,0,0,0,0,0,0,0,0.70897,0,0,2.1269,0,0,0,0,0,0,0,0,0,0,0,0,0,0,0,0,0,0,0,0,0,0,0,0,0,0,0,0,0,0.70897,0,0,0,0,0,0,0,0,0,0,0,0,0,0.70897,7.7987,0,0,0,0,0,0.70897,0,0,0,0,0,0
0,0.71429,0,0,0,0,0,0,0,0,0,0,0,0,0,0,0,0,0,0,0,0,0,0.71429,0,5.7143,0,0,0,0,0,0,0,0,0,0,0,0.71429,0,0,0,0,0,0,0,0,0,0,0,0,0,0,0,0,0,0,0,0,0,0,0,0,0,0,0,0,0,0,0,0,0,0,0,0.71429,0,0,0,0,0,0,0,0,0,0,0,0,0,0,0,0,0,0,0,0,0,0,0,0,0
0,8.9186,0,0,0,0,0,0,0,0,0,0,0.89186,0,0,0,0,0,0,0,0,0,14.27,5.3512,0,0,0,0,0,0,0,0,0,0,0,0,0,0,0.89186,0,0,0,0,0,0,0,0,0,0,0,0,0,0,0,0,0,0,0,0,0,0,0,0,0,0,0.89186,0,0,0,0,0,0,0,0.89186,0,0,0,0,0,0,0,0,0,0,0,0,0,0,0,0,0.89186,0,0,0,0,0,0,0,0
0,0.74074,0,0,0.74074,0.74074,0,0,0,0,0,0,0,0,0,0,0,0,0,0,0,0,3.7037,2.2222,0,0,0,0,0,0,0,0,0,0,0,0,0,0,2.2222,0,0,0,0,0,0,0,0,0,0,0,0,0,0,0,0,0,0,0,0,0,0,0,0,0,0,0,0,0,0,0,0,0,0,0.74074,0,0,0,0,0,0,0,0,0,0,0,0,0,0,0,0,0,0,0,0,0,0,0,0,0
0,0,0,0,0,0.5997,0,0,0,0,0,0,0,0,0,0,0,0,0,0,0,0,2.9985,4.7976,0,0,0,0,0,0,0,0,0,0,0,0,0,0,3.5982,1.1994,0,0,0,0,0,0,0,0,0,0,0,0,0,0,0,0,0,0,0,0,0,0,0,0,0,0,0,0,0,0,0,0,0,0.5997,0,0,0,0,0,0,0,0,0,0,0,0,0,0,0,0,0.5997,0,0,0,0,0,0,0,0
0,0,0,0,6.4447,0,0,60.15,0,0,0,0,0,0,0,0,0,0,0,0,0,0,4.2965,0,0,0,2.1482,0,0,4.2965,0,0,0,0,0,0,0,0,2.1482,2.1482,0,4.2965,0,0,0,0,0,0,0,0,0,0,0,0,0,0,0,0,0,0,0,0,0,0,0,0,0,0,0,0,0,0,0,0,0,0,0,0,0,0,0,0,0,0,0,0,49.409,0,0,0,0,0,0,0,0,0,0,0,0
0,0,0,0,0,2.1429,0,0,0,0,0,0,0,0,0,0,0,0.71429,0,0,0,0.71429,0,0,0,0,0,0,0,0,0,0,0,0,0,0,0,0,0,0,0,0,0,0.71429,0,0,0,0,0,0,0,0,0,0,0,0,0.71429,0,0,0,0,0,0,0,0,0,0,0,0,0,0,0,0,0,0,0,0,0,0,0,0,0,0,0,0,0,0.71429,0,0,0,0,0,0,0,0,0,0,0,0
0,0,0,0,0,0,0,0,0,0,0,0,0,0,0,0,0,1.7007,0,0,0,0,0,0,0,0,0,0,0,0,0,0,0,0,0,0,0,1.7007,0,0,0,0,0,1.7007,1.7007,0,0,0,0,0,0,0,0,0,3.4014,0,0,0,0,0,0,0,0,0,0,0,0,0,0,0,0,0,0,0,0,0,0,0,0,0,0,0,0,0,0,0,0,0,0,0,0,0,0,0,0,0,0,0,0
0,0,0,0,0,0,0,2.7778,0,0,0,0,0,0,0,0,0,0,0,0,0,0,0,0,0,0,0,0,0,0,0,0,0,0,0,13.889,0,0,0,0,0,0,0,2.7778,0,0,0,0,0,0,0,0,0,0,0,0,0,0,0,0,0,0,0,0,0,0,0,0,0,0,0,0,0,0,0,0,0,0,0,0,0,0,0,0,0,0,0,0,0,0,0,0,0,0,0,0,0,0,0
0,0,0,0,2.2409,1.1204,0,0,0,0,0,0,0,0,0,1.1204,0,0,0,0,0,0,0,0,0,0,0,0,0,0,0,0,0,0,0,0,0,0,0,0,0,0,0,0,0,0,0,0,0,0,0,0,0,0,2.2409,0,0,0,0,0,0,0,0,0,0,0,0,0,0,0,0,0,0,0,0,0,0,0,0,0,0,0,0,0,0,0,1.1204,0,0,0,0,0,0,0,0,0,0,0,0
0,0.74405,0,0,0,0,0,0,0,0,0,2.9762,0,0,0,0,0,0,0,0,0,0,0,0,0,0,0.74405,0,0,0,0,0,0,0,0,0,0,0,0,0,0,0,0,0.74405,0,0,0,0,0,0,0,0,0,0,0,0,0,0,0,0,0,0,0,0,0,0,0,0,0,0,0,0,0,0,0,0,0,0,0,0,0,0,0,0,0,0,0,0,0,0,0,0,0,0,0,0,0,0,0
0,0,0,0,0,0,0,0,0,0,0,3.0722,0,0,0,0,0,0,0,0,3.0722,0,0,0,0,0,0,0,0,0,0,0,0,0,0,0,0,0,0,0,0,0,0,0,0,0,0,0,0,0,0,0,0,0,0,0,0,0,0,0,0,0,0,0,0,0,0,0,0,0,0,0,0,0,0,0,0,0,0,0,0,0,0,0,0,0,0,0,0,0,0,0,0,0,0,0,0,0,0
0,0,0,0,0,0,0,0,0,0,0,3.8095,0,0,0,0,0,0,0,0,0,0,0,0,0,0,0,0,0,0,0,0,0,0,0,0,0,1.9048,0,0,0,0,0,0,0,0,0,0,0,0,0,0,0,0,0,0,0,0,0,0,0,0,0,0,0,0,0,0,0,0,0,0,0,0,0,0,0,0,0,0,0,0,0,0,0,0,0,0,0,0,0,0,0,0,0,0,0,0,0
0,0,0,0,1.1111,0,0,0,0,0,0,0,0,0,0,0,0,0,0,0,0,0,0,0,0,0,0,0,0,0,0,0,0,0,0,0,0,0,0,0,0,0,0,0,0,0,0,0,0,0,0,0,0,0,0,0,0,0,0,0,0,0,0,0,0,0,0,0,0,0,0,0,0,1.1111,0,0,0,0,0,0,0,0,0,1.1111,0,0,0,0,0,0,0,0,0,0,0,0,0,0,0
0,0,0,0,1.8315,0,0,0,0,0,0,0,0,0,0,0,0,0,0,0,0,1.8315,0,0,0,0,0,0,0,0,0,0,0,0,0,0,0,0,0,0,0,0,0,0,0,0,0,0,0,0,0,0,0,0,0,0,0,0,0,0,0,0,0,0,0,5.4945,0,0,0,0,0,0,0,3.663,0,0,0,0,0,0,0,0,0,1.8315,0,0,0,0,0,0,0,0,0,0,0,0,0,0,0
0,0,0,0,0,0,0,0,0,0,0,0,0,0,0,0,0,0,0,0,0,0,0,0,0,0,0,0,0,0,0,0,0,0,3.1746,0,0,0,0,0,0,0,0,0,0,0,0,0,0,0,0,0,0,0,0,0,0,0,0,0,0,0,0,0,0,1.5873,0,0,0,0,0,0,0,0,0,0,0,0,0,0,0,0,0,0,0,0,0,0,0,0,0,0,0,0,0,0,0,0,0
0,0,0,0,0,0,0,1.9048,0,0,0,5.7143,0,0,0,0,0,0,0,0,0,5.7143,0,0,0,0,0,0,0,0,0,0,0,0,0,0,0,0,0,0,0,0,0,0,0,0,0,0,0,0,0,0,0,0,0,0,0,0,0,0,0,0,0,0,0,0,0,0,0,0,0,0,0,1.9048,0,0,0,0,0,0,0,0,0,0,0,0,0,0,0,0,0,0,0,0,0,0,0,0,0
0,0,0,0,0,0,0,0,0,0,0,0,0,0,0,0,0,0,0,0,0,0,0,0,0,0,0,0,0,0,0,0,0,0,0,0,0,0,0,0,0,0,0,4.7619,0,0,0,0,0,0,0,0,0,0,0,0,0,0,0,0,0,0,0,0,0,0,0,0,0,0,0,0,0,0,0,0,0,0,0,0,0,0,0,0,0,0,0,0,0,0,0,0,0,0,0,0,0,0,0
0,1.5152,0,0,1.0101,0,0,0,0,0,0,0.50505,0,0,0,0,0,0,0,0,0,0.50505,0,0,0,0,0,0,0,0,0,0,0,0,0,0,0,0,0,0.50505,0,0,0,0,0,0,0,0,0,0,0,0,0,0,0,0,0,0,0,0,0,0,0,0,0,0,0,0,0,0,0,0,0,0,0,0,0,0,0,0,0,0,0,0,0,0,0,0,0,0,0,0,0,0,0,0,0,0,0.50505
0,0,0,0,2.3392,0,0,0,0,0,0,0,0,0,0,0,0,0,0,0,0,0.5848,0,0,0,0,0,0,0,0,0,0,0,0,0,0,0,0,0,0,0,0,0,0,0,0,0,0,0,0,0,0,0,0,0,0,0,0,0.5848,0,0,0,0,0,0,0,0,0,0,0,0,0,0,0,0,0,0,0,0,0,0,0,0,0,0,0,1.7544,0.5848,0,0,0,0,0,0,0,0,0,0,0
0,0.79224,0,0,3.1689,0,0,1.5845,0,0,0,0,0,0,0,0,0,0.79224,0,0,0,0,0,0,0,0,0,0,0,0,0,0,0,0,0,0,0,0,0,0.79224,0,0,0,5.5457,0,0,0,0,0,0,0,0,0,0,0,0,0,0,0,0,0,0,0,0,0,0,0,0,0.79224,0,0,0,0,0,0,0,0,0,0,0,0,0.79224,0,0,0,0,0,0,0,0,0,0,0,0,0,0,0,0,0
0,0,0,0,4.4593,0,0,0,0,0,0,0,0,0,0,0,0,0,0,0,0,2.2297,0,0,0,0,0,0,0,0,0,0,0,0,0,0,0,0,0,0,0,0,0,0,0,0,0,0,0,0,0,0,0,0,0,0,0,0,0,0,0,0,0,0,0,0,0,0,0,0,0,0,2.2297,0,0,0,0,0,0,0,0,0,0,0,0,0,0,0,0,0,4.4593,0,0,0,0,0,0,0,0
0,1.5873,0,0,4.7619,1.5873,0,0,0,0,0,0,0,0,0,0,0,0,0,0,0,1.5873,0,0,0,0,0,0,0,0,0,0,0,0,0,0,0,0,0,0,0,0,0,0,0,0,0,0,0,0,0,0,0,0,0,0,0,0,0,0,0,0,0,0,0,0,0,0,0,0,0,0,0,0,0,0,0,0,0,0,0,0,0,0,0,0,0,0,0,0,1.5873,0,0,0,0,0,0,0,0
0,1.3675,0,1.3675,1.3675,0,0,0,0,0,0,0,0,0,0,0,0,0,0,0,0,0,0,0,0,0,0,0,0,0,0,0,0,0,0,0,0,0,1.3675,1.3675,0,0,0,0,0,0,0,0,0,0,0,0,0,0,0,0,0,0,0,0,0,0,0,0,0,0,0,0,0,0,0,0,0,1.3675,0,0,0,0,0,0,0,0,0,0,0,0,0,0,0,0,0,0,0,0,0,0,0,0,0
0,0,0,0,7.4074,0,0,0,0,0,0,0,0,0,0,0,0,0,0,0,0,1.4815,0,0,0,0,0,0,0,0,0,0,0,0,0,0,0,0,0,0,0,0,0,0,0,0,0,0,0,0,0,0,0,0,0,0,0,0,0,0,0,0,0,0,0,0,0,0,0,1.4815,0,0,0,0,0,0,0,0,0,0,0,0,0,0,0,0,0,0,0,0,0,0,0,0,0,0,0,0,0
0,0,0,0,22.222,0,0,0,0,0,0,0,0,0,0,0,0,0,0,0,0,0,0,0,0,0,0,0,0,0,0,0,0,0,2.7778,0,0,0,0,0,0,0,0,0,0,0,0,0,0,0,0,0,0,0,0,0,0,0,0,0,0,0,0,0,0,0,0,0,0,0,0,0,0,0,0,0,0,0,0,0,0,0,0,0,0,0,2.7778,0,0,0,0,0,0,0,0,0,0,0,0
0,1.3167,0,0,0,0,0,0,0,0,0,1.3167,0,0,0,0,0,7.8999,0,0,0,2.6333,0,0,0,0,0,0,0,0,0,0,0,0,0,0,0,0,0,0,0,0,0,2.6333,0,0,0,0,0,0,0,0,0,0,0,0,0,0,0,0,0,0,0,0,0,0,0,0,0,0,0,0,0,0,0,0,0,0,0,0,0,0,0,0,0,0,0,0,0,0,0,0,0,0,0,0,0,0,0
0,0,0,0,0,0,0,0,0,0,0,3.871,0,0,0,0,0,2.5806,0,0,0,132.9,0,0,0,0,0,0,0,0,0,0,0,0,12.903,0,0,0,0,0,0,0,0,0,0,0,0,0,0,0,0,0,0,0,0,0,0,0,0,0,0,0,0,0,0,0,0,0,0,0,0,0,0,0,0,0,0,0,0,0,0,0,0,0,0,0,0,0,0,0,0,0,0,0,0,0,0,0,0
0,0,0,0,0,0,0,0,0,0,0,7.8853,0,0,0,0,0,0,1.4337,0,0,326.88,0,0,0,0,0,0,0,0,0,0,0,0,1.4337,0,0,0,0,0,0,0,0,0,0,0,0,0,0,0,0,0,0,0,0,0,0,0,0,0,0,0,0,0,0,0,0,0,0,0,0,0,0,0,0,0,0,0,0,0,0.71685,0,0,0,0,0,0,0,0,0,0,0,0,0,0,0,0,0,0
0,0,0,0,0,0,0,0,0,0,0,0,0,0,0,0,0,1.6722,0,0,0,7.5251,0,0,0,0,0,0,0,0,0,0,0,0,0,1.6722,0,0,0,0,0,0,0,0,0,0,0,0,0,0,0,0,0,0,0,0,0,0,0,0,0,0,0,0,0,0,0,0,0,0,0,0,0,0,0,0,0,0,0,0,0,0,0,0,0,0,0,0,0,0,0,0,0,0,0,0,0,0,0
0,0,0,0,3.1056,0,0,0,0,0,0,0.62112,0,0,0,0.62112,0,0,0.62112,0,3.1056,0.62112,1.2422,0,0,0,0,0,0,0,0,0,0,0,0,0,0,0,0,0,0,0,0,0,0,0,0.62112,0,0,0,0,0,0,0,0,0,0,0,0,0,0,0,0,0,0,0,0,0,0,0,0,0,0,0,0,0,0,0,0,0,0,0,0,0,0,0,0,0,0,0,0,0,0,0,0,0,0,0,0
0,1.564,0,0,15.64,0,0,1.564,0,0,0,0,0,0,0,0.78201,0,2.346,0,0,3.9101,2.346,1.564,0,0,0,0,0,0,0,0,0,0,0,0,0,0,0,0,0,0,0,0,0,0,0,2.346,0,0,0,0,0,0,0,0,0,0,0,0,0,0,0,0,0,0,0,0,0,0,0,0,0,0,0,0,0.78201,0.78201,0,0,0,0,0,0,0,0,0,0,0,0,0,0,0,0,0,0,0,0,0,0
0,0,0,0,0,0,0,0,0,0,0,1.5992,0,0,0,0,0,2.3988,0,0,1.5992,0.7996,0.7996,0,0,0.7996,0,0,0,0,0,0,0,0,0,0,0,0,0,0,0,0,0,0,0,0,0.7996,0,0,0,0,0,0,0,0,0,0,0,0,0,0,0,0,0,0,0,0,0,0,0,0,0,0,0,0,0,0,0,0,0,0,0,0,0,0,0,0,0,0,0,0,0,0,0,0,0,0,0,0
0,0.92593,0,0,1.3889,0,0,0,0,0,0,1.3889,0,0,0,0,0,0.46296,0,0,1.3889,0,1.3889,0,0,0,0,0,0,0,0,0,0,0,0,0,0,0,0.46296,0,0,0,0,0,0,0,1.3889,0,0,0,0,0,0,0,0,0,0,0,0,0,0,0,0,0,0,0,0,0,0,0,0,0,0,0.46296,0,0.46296,1.3889,0,0,0,0,0,0,0,0,0,0,0,0,0,0,0,0,0,0,0,0,0,0
0,0,0,0,0,0,0,0,0,0,0,1.2542,0,0,0,0,0,0,0,0,0,1.2542,1.6722,0,0,0,0,0,0,0,0,0,0,0,0,0,0,0,0,0.41806,0,0,0,0,0,0,0,0,0,0,0,0,0,0,0,0,0,0,0,0,0,0,0,0,0,0,0,0,0,0,0,0,0,0.41806,0,0,0,0,0,0,0,0,0,0,0,0,0,0,0,0,0,0,0,0,0,0,0,0,0
0,0.80645,0,0,0,0,0,0,0,0,0,0.80645,0,0,0,0,0,0,0.80645,0,0,6.4516,5.6452,0,0,0,0,0,0,0,0,0,0,0,0,0,0,0,0,0,0,0,0,0,0,0,0,0,0,0,0,0,0,0,0,0,0,0,0,0,0,0,0,0,0,0,0,0,0,0,0,0,0,0,0,0,0,0,0,0,0,0,0,0.80645,0,0,0,0,0,0,0,0,0,0,0,0,0,0,0
0,0.48077,0,0,0.48077,0,0,0,0,0,0,0.48077,0,0,0,0,0,0,0.48077,0,0,1.4423,0,0.48077,0,0,0,0,0,0,0,0,0,0,0,0,0,0,0,0,0,0,0,0,0,0,0,0,0,0,0,0,0,0,0,0,0,0,0,0,0,0,0,0,0,0,0,0,0,0,0,1.4423,0,0,0,0,0,0,0,0,0,0,0,0,0,0,0,0,0,0,0,0,0,0,0,0,0,0,0
0,0,0,0,0.43403,0,0,0,0,0,0,1.3021,0,0,0,0,0,0,0,0,0,2.6042,0.43403,0.43403,0,0,0,0,0,0,0,0,0,0,0,0,0,0,0,0,0,0,0,0,0,0,0,0,0,0,0,0,0,0,0,0,0,0,0,0,0,0,0,0,0,0,0,0,0,0,0,0.43403,0,0,0,0,0,0,0,0,0,0,0,0,0,0,0,0,0,0,0,0,0,0,0,0,0,0,0
0,0,0,0,8.0442,0,0,1.0055,0,0,0,0,0,0,0,0,0,0,0,0,0,0,0,0,0,0,0,0,0,0,0,0,0,0,0,0,0,0,0,1.0055,0,1.0055,0,0,0,0,0,0,0,0,0,0,0,0,0,0,1.0055,0,0,0,0,0,0,0,0,0,0,0,0,0,0,0,0,0,0,0,0,0,0,0,0,0,0,0,0,0,4.0221,0,0,0,0,0,0,0,0,0,0,0,0
0,0.61728,0,0,8.0247,0,0,0,0,0,0,0,0,0,0,2.4691,0,0,0,0,0,0,0,0,0,0,1.2346,0,0,0.61728,0,0,0,0,0,0,0,0,0,0,0,0,0,0,0,0,0,0,0,0,0,0,0,0,0,0,0,0,0,0,0,0,0,0,0,0,0,0,0,0,0,0,0,0,0,0,0,0,0,0,0,0,0,0,0,0,0.61728,0.61728,0,0,0.61728,0,0,0,0,0,0,0,0
0,1.0352,0,0,3.1056,0,0,1.0352,0,0,0,0.5176,0,0,0,2.588,0,0,0,0,0,0,0,1.0352,0,0,0.5176,0,0,0.5176,0,0,0,0,0,0,0,0,0,0.5176,0,0,0,0,0,0,0,0,0,0,0,0,0,0,0,0,0,0,0,0,0,0,0,0,0,0,0,0,0,0,0,0,0,0,0,0,0,0,0,0,0,0,0,0,0,0,0.5176,0,0,0,0.5176,0,0,0,0,0,0,0,0
0,0,0,0,16.194,0,0,10.121,0,0,0,0,0,0,0,0,0,0,0,0,0,0,0,0,0,0,0,0,0,1.0121,0,0,0,0,0,0,0,0,0,0,0,0,1.0121,1.0121,0,0,0,0,0,0,0,0,0,0,0,0,0,0,0,0,0,0,0,0,0,0,0,0,0,0,0,0,0,0,0,0,0,0,0,0,0,0,0,0,0,0,0,0,0,0,0,0,0,0,0,0,0,0,0
0,0.68271,0,0,2.7308,0,0,0,0,0,0,0.68271,0,0,0,0,0,0,0,0,0,0,0,0.68271,0,0,0,0,0,0,0,0,0,0,0,0,0,0,0,0,0,0,0,0,0,0,0,0,0,0,0,0,0,0,0,0,0,0,0,0,0,0,0,0,0,0,0,0,0,0,0,0,0,0,0,0,0,0,0,0,0,0,0,0,0,0,0,0,0,0,0,0,0,0,0,0,0,0,0
0,0.68681,0,0,4.8077,0,0,0,0,0,0,1.0302,0,0,0,0.68681,0,0,0,0,0,0,3.0907,0,0,0,0,0,0,0,0,0,0,0,0,0,0,0,0,0,0,0,0,0,0,0,0,0,0,0,0,0,0,0,0,0,0,0,0,0,0,0,0,0,0,0,0,0,0,0,0,0,0,0,0,0,0,0,0,0,0,0,0,0,0,0,0,0,0,0,0,0,0,0,0,0,0,0,0
0,0,0,0,7.0387,0,0,0,0,0,0,2.0111,0,0,0,0,0,0,0,0,0,0,0,0,0,0,0,0,0,0,0,0,0,0,0,0,0,0,0,0,0,0,0,0,0,0,0,0,0,0,0,0,0,0,0,0,0,0,0,0,0,0,0,0,0,0,0,0,0,0,0,0,0,0,0,0,0,0,0,0,0,0,0,0,0,0,0,0,0,0,1.0055,0,0,0,0,0,0,0,0
0,0,0,0,0.96962,0,0,0,0,0,0,0.32321,0,0,0,0.64641,0,0,0,0,0,0,1.616,0.64641,0,0,0,0,0,0,0,0,0,0,0,0,0,0,0.64641,0,0,0,0,0,0,0,0,0,0,0,0,0,0,0,0,0,0,0,0,0,0,0,0,0,0,0,0,0,0,0,0,0,0,0,0,0,1.9392,0,0,0,0,0,0,0,0,0,0,0,0,0,0,0,0,0,0,0,0,0,0
0,0,0,0,0,0,0,0,0,0,1.3736,2.7473,1.3736,0,1.3736,0,2.7473,1.3736,4.1209,0,0,5.4945,0,0,0,0,0,0,0,2.7473,0,0,0,0,0,0,0,0,0,2.7473,0,0,0,1.3736,0,0,0,0,0,0,0,0,0,1.3736,0,0,0,0,0,0,0,0,0,0,0,0,0,0,0,0,0,0,0,0,0,0,0,0,0,0,0,0,0,0,0,0,0,0,0,0,0,0,0,0,0,0,0,0,0
0,0,0,0,0,0,0,0,0,0,2.2624,0,0,0,0,1.1312,1.1312,2.2624,0,0,0,0,0,0,0,0,0,0,0,0,0,0,0,0,0,0,0,0,0,0,0,0,0,0,0,0,0,0,0,0,0,0,0,4.5249,0,0,0,0,0,0,0,0,2.2624,0,0,0,0,0,0,0,0,0,0,0,0,0,0,0,0,0,0,0,0,0,0,0,0,0,0,0,0,0,0,0,0,0,0,0,0
0,0,0,0,0,0,0,0,0,0.95238,2.8571,2.8571,0,0.95238,2.8571,4.7619,5.7143,0.95238,0,0,0,3.8095,0,0,0,0,0,0,0,0,0,0,0,0.95238,2.8571,0,0,0,0,0.95238,0,1.9048,0,0,0,0,0,0,0,0,0,0,0,0.95238,0,0,0,0,0,0,0,0,1.9048,0,0,0,0.95238,0,0,0,0,0,0.95238,0,0,0,0,0,0,0,0,0,0,0,0,0,0,0,0,0,1.9048,0,0,0,0,0,0,0,0
0,0,0,0,0,0,0,0,0,0.5487,0,0,0,0,0.5487,6.0357,1.6461,0.5487,2.1948,0,0,2.1948,0,0,0,0,0,0,0,3.2922,0,0,0,0,0,0.5487,0,0,0,1.0974,0,1.0974,0,0,0,0,0,0,0,0,0,0,0,0.5487,0,0,0,0,0,0,0,0,0,0,0,0,0,0,0,0,0,0,0,0,0,0,0,0,0,0,0,0,0,0,0,0,0,0,0,0,0,0,0,0,0,0,0,0,0
0,0,0,0,0,0,0,0,0,0,0,0,0,0,0,0,0,0,0,0,2.9412,0,0,0,0,0,0,0,0,0,0,0,0,0,0,0.58824,0,0.58824,0,0,0,0,0,0.58824,0,0,0,0,0,0,0,0,0,0,0,0,0,0,0,0,0,0,0,0,1.1765,0,0,0,0,0,0,0,0,0,0,0,0,0,0,0,0,0,0,0,0,0,0,0,0,0,0,0,0,0,0,0,0,0,0
0,3.3218,0,0,0,0,0,0,0,0,0,1.1073,0,0,0,0,0,0,0,0,0,1.1073,0,0,0,0,0,0,0.55363,0,0,0,0,0,0,0,0,5.5363,0,0,0,0,0,0,0,0,0,0,0,0,0,0,0,0,0,0,0,0,0,0,0,0,0,0,0,0,0,0.55363,0,0,0,0,0,0.55363,0,0,0,0,0,0,0,0,0,0,0,0,0,0,0,0,0,0,0,0,0,0,0,0,0
0,4.1905,0,0,0,0,0,0,0,0.38095,0,1.1429,0,0,0,0,0,0,0,0,0,1.1429,0,0.38095,0,0,0,0,0.38095,0,0,0,0,0,1.1429,0,0,0.38095,0,0.38095,0,0,0,0,0,0,0,0,0,0,0,0,0,0,0,0,0,0,0,0,0,0,0,0,0,0,0,0.38095,0,0.38095,0,0,0,1.1429,0,0,0,0,0,0,0,0,0,0,0,0,0,0,0,0,0,0,0,0,0,0,0,0,0
0,0.39216,0,0,0,0,0,0,0,0,0.78431,1.1765,0,0,0,0.39216,0,0,0,0,3.9216,0,0,0,0,0,0.78431,0,0.39216,0.39216,0,0,0,0,0.78431,2.3529,0,0.78431,0,0,0,0,0,0,0,0,0,0,0,0,0,0,0,0.39216,0,0,0,0,0,0,0,0,0,0,0,0,0.39216,0.39216,0,0,0,0,0,0,0,0,0,0,0,0,0,0,0,0,0,0,0,0,0,0,0,0,0,0,0,0,0,0,0
0,0.53879,0,0,0,0,0,0,0,0,0.2694,0.80819,0,0,0,0.2694,0,0,0,0,0,4.3103,0,0,0,0,0,0,0.2694,0,0,0,0,0,0.2694,0,0,0.80819,0.2694,0.80819,0,0,0,0,0,0,0,0,0,0,0,0,0,0,0,0,0,0,0,0,0,0,0,0,0,0,0,0,0,0,0,0,0,0.2694,0,0,0,0,0,0,0,0,0,0,0,0,0,0,0,0,0,0,0,0,0,0,0,0,0
0,3.4722,0,0,0,0,0,0,0,0,0,0,0,0,0,0,0,0,0,0,3.4722,0,0,0,0,0,0,0,1.1574,1.1574,0,0,0,0,0,2.3148,0,0,1.1574,0,0,0,0,0,0,0,0,0,0,0,0,0,0,1.1574,0,0,0,0,0,0,0,0,1.1574,0,0,0,0,0,1.1574,0,0,0,0,0,0,0,0,0,0,0,0,0,0,0,0,0,0,0,0,0,0,0,0,0,0,0,0,0,0
0,2.2989,0,0,0,0,0,0,0,0,0,0.57471,0,0,0,0,0,0,0,0,0,2.8736,0,0,0,0,0.57471,0,1.1494,0,0,0,0,0,0,0,0,1.1494,0.57471,0,0,0,0,0,0,0,0,0,0,0,0,0,0,0,0,0,0,0,0,0,0,0,0.57471,0,0,0,0,0,0,0,0,0,0,0.57471,0,0,0,0,0,0,0,0,0,0,0,0,0,0,0,0,0,0,0,0,0,0,0,0,0
0,0,0,0,0,0,0,0,0,0,1.1111,1.1111,0,0,0,3.3333,0,0,4.4444,0,6.6667,0,1.1111,0,0,0,1.1111,0,1.1111,0,0,0,0,0,0,1.1111,0,0,1.1111,0,0,0,0,0,0,0,0,0,0,0,0,0,0,0,0,0,0,0,0,0,0,0,0,0,0,0,0,0,0,0,0,0,0,0,0,0,0,0,0,0,0,0,0,0,0,0,0,0,0,0,0,0,0,0,0,0,0,0,0
0,0,0,0,0,0,0,0,0,0,0.34188,0.34188,0,0,0,0,0,0,0,0,0,0,0,0,0,0,1.0256,0,0,0,0,0,0,0,0.68376,0,0,0.34188,0,1.7094,0,0,0,0,0,0,0,0,0,0,0,0,0,0,0,0,0,0,0,0,0,0,0,0,0,0,0,0,0,0,0,0,0,0,0,0,0,0,0,0,0,0,0,0,0,0,0.34188,0,0,0,0,0,0,0,0,0,0,0,0
0,0,0,0,0,0,0,0,0,0,0,1.9403,0,0,0,0,0,0,0,0,0,0,0,0,0,0,0,0,0,0,0,0,0,0,1.1642,0,0,0.77613,0.77613,1.9403,0,0,0,0,0,0,0,0,0,0,0,0,0,0,0,0,0,0,0,0,0,0,0,0,0,0,0,0,0,0,0,0,0,0.38807,0,0,0,0,0,0,0,0,0,0,0,0,0,0,0,0,0,0,0,0,0,0,0,0,0
0,1.7544,0,0,7.0175,0,0,0,0,0,1.7544,1.7544,0,0,0,0,0,0,0,0,0,0,0,0,3.5088,0,0,0,0,3.5088,0,0,0,0,0,0,0,5.2632,1.7544,1.7544,0,0,0,0,0,0,0,0,0,0,0,0,0,0,0,0,0,0,0,0,0,0,0,0,0,0,0,0,0,0,0,0,0,0,0,0,0,0,0,0,0,0,0,0,0,0,0,0,0,0,0,0,0,0,0,0,0,0,0
0,0,0,0,5.1282,0,0,0,0,0,5.1282,5.1282,0,0,0,0,0,0,0,0,0,0,0,0,0,0,1.7094,0,0,0,0,0,0,0,0,0,0,0,0,1.7094,0,0,0,0,0,0,0,0,0,0,0,0,0,0,0,0,0,0,0,0,0,0,0,0,0,0,0,0,0,0,0,0,0,0,0,0,0,0,0,0,0,0,0,0,0,0,0,0,0,0,0,0,0,0,0,0,0,0,0
0,0,0,0,0,0,0,0,0,0,0,2.5641,0,0,0,0,0,0,0,0,0,0,0,0.8547,0.42735,0,0,0,0,0,0,0,0,0,0,0,0,0,0,1.2821,0,0,0,0,0,0,0,0,0,0,0,0,0,0,0,0,0,0,0,0,0,0,0,0,0,0,0,0,0,0,0,0,0,0.42735,0,0,0,0,0,0,0,0,0,0,0,0,0,0,0,0,0,0,0,0,0,0,0,0,0
0,0.87719,0,0,0,0,0,0,0,0,1.7544,0.87719,0,0,0,0,0,0,0,0,0,0,0,0,0,0,0,0,0,0.87719,0,0,0,0,0,0,0,0,0,0,0,0,0,0,0,0,0,0,0,0,0,0,0,0,0,0,0,0,0,0,0,0,0,0,0,0,0,0,0,0,0,0,0,0,0,0,0,0,0,0,0,0,0,0,0,0,0,0,0,0,0,0,0,0,0,0,0,0,0
0,0,0,0,0,0,0,0,0,0,28.571,0,0,0,0,0,0,0,0,0,0,0,0,0,0,0,0,0,0,0,0,0,0,0,0,0,0,1.5873,0,0,0,0,0,0,0,0,0,0,0,0,0,0,0,0,0,0,0,0,0,0,0,0,0,0,0,0,0,0,0,0,0,0,0,3.1746,0,0,0,0,0,0,0,0,0,0,0,0,0,0,0,0,0,0,0,0,0,0,0,0,0
0,0,0,0,0,0,0,0,0,6.1754,0,1.6842,0,0,0,0,0,0,0,0,0,0,0,0,0,0,0,0,0,0,0,0,0,0,0,1.1228,0,0,0,0.5614,0,0,0,0,0,0,0,0,0,0,0,0,0,0,0,0,0,0,0,0,0,0,0,0,0,0,0,0,0,0,0,0,0,1.6842,0,0,0,0,0,0,0,0,0,0,0,0,0,0,0,0,0,0,0,0,0,0,0,0,0
0,0,0,0,0,0,0,0,0,0,0,0,0,0,0,0,0,0,0,0,0,11.272,3.2206,0,12.882,0,0,0,0,0,0,0,0,0,0,0,0,3.2206,0,0,0,0,0,0,0,0,0,0,0,0,0,0,0,0,0,0,0,0,0,0,0,0,0,0,0,0,0,0,0,0,0,0,0,0,0,0,0,0,0,0,0,0,0,0,0,0,0,0,0,0,0,0,0,0,0,0,0,0,0
0,0,0,0,0,0,0,0,0,0,0,0,0,0,0,0,0,0,0,1.6026,0,8.0128,0,1.6026,0,0,0,0,0,0,0,0,0,0,0,0,0,0,0,9.6154,0,0,0,0,0,0,0,0,0,0,0,0,0,0,0,0,0,0,0,0,0,0,0,0,0,0,0,0,0,0,0,0,0,0,0,0,0,0,0,0,0,0,0,0,0,0,0,0,0,0,0,0,0,0,0,0,0,0,0
0,0,0,0,0.71225,0,0,0,7.1225,0,0,1.4245,1.4245,0,0,0,0,0,0,0,0,3.5613,0,1.4245,0,0,0,0,0,0,0,0,0.71225,0,0,0,0,0,0,0,0,0,0,0,0,0,0,0,0,0,0,0,0,0,0,0,0,0,0,0,0,0,0,0,0,0,0,0,0,0.71225,0,0,0,0,0,0,0,0,0,0,0,0,0,0,0,0,0,0,0,0,0,0,0,0,0,0,0,0,0
0,1.5686,0,0,0,0,0,0,0,0,0,0,0,0,0,16.471,0,0,0.78431,0.78431,3.9216,0.78431,0.78431,0,0.78431,0,2.3529,0,0,0,0,0,0,0,0,0,0,0,0,0,0,3.1373,2.3529,0,0.78431,0,0.78431,0,0,0,0,0,0,0,0,0,0,0,0,0,0,0,0,0,0,0,0,0,0,0,0,0,0,0,0,0,0,0,0,0,0,0,0,0,0,0,0,0,0,0,0,0,0,0,0,0,0,0,0
0,0.8547,0,0,0,0,0,0,0,0,0,1.7094,4.2735,0,0,20.513,0,0,1.7094,0,2.5641,2.5641,0,0,2.5641,0,2.5641,0,0,0,0,0,0.8547,0,0,0,0,0,0,0,0,0,0.8547,0,5.1282,0,0.8547,0.8547,0,0,0,0,0,0,0,0,0,0,0,0,0,0,0,0,0,0,0,0,0,0,0,0,0,0,0,0,0,0,0,0,0,0,0,0,0,0,0,0,0,0,0,0,0,0,0,0,0,0,0
0,0,0,0,0,0,0,0,0,0,0,0,0,0,0,8.8235,0,0,3.9216,0.98039,10.784,3.9216,0,0,0.98039,0,3.9216,0,0,0,0,0,0.98039,0,0,0,0,0,0,0,0,0,2.9412,0,0,0,0,0,0.98039,0,0,0,0,0,0,0,0,0,0,0,0,0,0,0,0,0,0,0,0,0,0,0,0,0,0,0,0,0,0,0,0,0,0,0,0,0,0,0,0,0,0,0,0,0,0,0,0,0,0
0,0,0,0,0,0,0,0,0,0,0,0,1.5157,0,0,0.75786,0,0,0,0,8.3365,1.5157,0,0,4.5472,0,0,0,0,0,0,0,1.5157,0,0,0.75786,0,0,0,0,0,3.0315,3.0315,1.5157,2.2736,0.75786,0,0,0,0,0,0,0,0,0,0,0,0,0,0,0,0,0,0,0,0,0,0,0,0,0,0,0,0,0,0,0,0,0,0,0,0,0,0,0,0,0,0,0,0,0,0,0,0,0,0,0,0,0
0,0,0,0,0,0,0,0,0,0,0,0,0,0,0,0.74074,0,0,0,0,0,0,0,2.963,0.74074,0,0.74074,0,0,0,0,0,0,0,0,0,0,0.74074,0,0,0,0,0,0,0,0,0,0,0,0,0,0,0,0,0,0,0,0,0,0,0,0,0,0,0,0,0,0,0,0,0,0,0,0.74074,0,0,0,0,0,0,0,0,0,0,0,0,0,0,0,0,0,0,0,0,0,0,0,0,0
0,0,0,0,0,0,0,0,0,0,0,0,0,0,0,2.1164,0,0,0,0,0,0,0,0,0,0,4.2328,0,0,0,0,0,0,0,0,0,0,0,0,2.1164,0,0,0,1.0582,0,0,0,1.0582,0,0,0,0,0,0,0,0,0,0,0,0,0,0,0,0,0,0,0,0,0,0,0,0,0,0,0,0,0,0,0,0,0,0,0,0,0,0,0,0,0,0,0,0,0,0,0,0,0,0,0
0,0,0,0,0,0,0,0,0,0,0,0,0,0,0,0,0,0,0,0,0,0,0,0,0,0,2.9762,0,0,0,0,0,0,0,0,0,0,0,0,1.4881,0,0,0,0,0,0,0,0,0,0,0,0,0,0,0,0,0,0,0,0,0,0,0,0,0,0,0,0,0,0,0,0,0,0,0,0,0,0,0,0,0,0,0,0,0,0,0,0,0,0,0,0,0,0,0,0,0,0,0
0,6.734,0,0,0,0,0,0,0,0,0,0,0,0,0,0,0,0,0,0,0,0,0,0,1.6835,0,0,0,0,0,0,0,0,0,0,0,0,0,1.6835,0,0,3.367,0,0,0,0,0,0,0,0,0,0,0,0,0,0,0,0,0,0,0,0,0,0,0,0,0,0,0,0,0,0,0,0,0,0,0,0,0,0,0,0,0,0,0,0,0,0,0,0,0,0,0,0,0,0,0,0,0
0,0,0,0,0,0,0,0,0,0,0,0,0,0,0,1.4881,0,0,0,0,0,0,0,0,0,0,0,0,0,1.4881,0,0,0,0,0,0,0,0,1.4881,0,0,1.4881,0,0,0,0,0,0,0,0,0,0,0,0,0,0,0,0,0,0,0,0,0,0,0,0,0,0,0,0,0,0,0,1.4881,0,0,0,0,0,0,0,0,0,0,0,0,0,0,0,0,0,0,0,0,0,0,0,0,0
0,0,0,0,0,0,0,0,0,0,0,0,0,0,0,0,0,0,0,0,0,1.0142,0,0,1.0142,0,0,0,0,0,0,0,0,0,0,0,0,0,0,0,0,0,0,0,0,0,0,0,0,0,0,0,0,0,0,0,0,0,0,0,0,0,0,0,0,0,0,0,0,0,0,0,0,1.0142,0,0,0,0,0,0,0,0,0,0,0,0,0,0,0,0,0,0,0,0,0,0,0,0,0
0,0,0,0,0,0,0,0,0,0,0,0,0,0,0,0,0,0,0,0,0,0,0,0,0,0,0,0,0,0,0,0,1.0055,0,0,0,0,0,0,1.0055,0,0,0,0,0,0,0,0,0,0,0,0,0,1.0055,0,0,0,0,0,0,0,0,0,0,0,0,0,0,0,0,0,0,0,2.0111,0,0,0,0,0,0,0,0,0,0,0,0,0,0,0,0,0,0,0,0,0,0,0,0,0
0,0,0,0,0,0,0,0,0,0,0,0,0,0,0,0,0,0,0,0,0,0,0,0,1.221,0,0,0,0,0,0,0,0,0,0,0,0,0,0,0,0,0,0,0,0,0,0,0,0,0,0,0,0,0,0,0,0,0,0,0,0,0,0,0,0,0,0,0,0,0,0,0,0,2.442,0,0,0,0,0,0,0,0,0,0,0,0,0,0,0,0,0,0,0,0,0,0,0,0,0
0,0,0,0,1.2066,0,0,0,0,0,0,0,0,0,0,0,0,0,0,0,0,0,0,0,1.2066,0,0,0,0,0,0,0,0,0,0,0,0,1.2066,1.2066,1.2066,0,0,0,0,0,0,0,0,0,0,0,0,0,0,0,0,0,0,0,0,0,0,0,0,0,0,0,0,0,0,0,0,0,0,0,0,0,0,0,0,0,0,0,0,0,0,0,0,0,0,0,0,0,0,0,0,0,0,0
0,0,0,0,0,0,0,0,0,0,0,0,0,0,0,0,0,0,0,0,0,1.4722,0,0,0,0,2.9444,0,0,1.4722,0,0,0,0,0,0,0,4.4166,4.4166,0,0,0,0,1.4722,0,0,0,0,0,0,0,0,0,0,0,0,0,0,0,0,0,0,0,0,0,1.4722,0,0,0,0,0,0,0,0,0,0,0,0,0,0,0,0,0,0,0,0,0,0,0,0,0,0,0,0,0,0,0,0,0
0,0,0,0,0,0,0,0,0,0,0,0,0,0,0,0,0,0,0,0,0,1.6484,0.54945,0,0,0,1.0989,0,0,0,0,0,0.54945,0,0,0,0,1.0989,1.6484,0.54945,0,0.54945,0,0.54945,0,0,0,0,0,0,0,0,0,0,0,0,0,0,0,0,0,0,0,0,0,0,0,0,0,0,0,0,0,0,0,0,0,0,0,0,0,0,0,0,0,0,0,0,0,0,0.54945,0,0,0,0,0,0,0,0
0,0,0,0,4.0404,0,0,0,0,0,0,0,0,0,0,0,0,0,0,0,0,1.3468,5.3872,1.3468,0,0,2.6936,0,0,6.734,1.3468,0,0,0,0,0,0,0,2.6936,5.3872,0,0,0,2.6936,0,0,0,0,0,0,0,0,0,0,0,0,0,0,0,0,0,0,0,0,0,2.6936,0,0,0,0,0,0,0,0,0,0,0,0,0,0,0,0,0,0,0,0,4.0404,0,0,0,0,0,0,0,0,0,0,0,0
0,0,0,0,0,0,0,0,0,0,0,0,0,0,0,0,0,0,0,0,0,4.7226,2.3613,0,0,0,2.3613,0,0,0,0,0,0,0,0,0,0,0,0,0,0,0,0,0,0,0,0,0,0,0,0,0,0,0,0,0,0,0,0,0,0,0,0,0,0,0,0,0,0,0,0,0,0,0,0,0,0,0,0,0,0,0,0,0,0,0,0,0,0,0,0,0,0,0,0,0,0,0,0
0,0,0,0,0,0,0,0,0,0,0,0,0,0,0,0,0,0,0,0,0,0,0.48876,1.4663,0,0,0,0,0,0,0,0,0,0,0,0,0,1.4663,0.48876,0,0,0,0,0.97752,0,0,0,0,0,0,0,0,0,0,0,0,0,0,0,0,0,0,0,0,0,0,0,0,0,0,0,0,0,0,0,0,0,0,0,0,0,0,0,0,0,0,0,0,0,0,0,0,0,0,0,0,0,0,0
0,0,0,0,0,0,0,0,0,0,0,0,0,0,0,0,0.80645,0,0.80645,0,0,1.6129,0.80645,0.80645,0,0,0.80645,0,0,0,0,0,0,0,0,0,0,0,0,1.6129,0,0,0,0.80645,0,0,0,0,0,0,0,0,0,0,0,0,0,0,0,0,0,0,0,0,0,0,0,0,0,0,0,0,0,0.80645,0,0,0,0,0,0,0,0,0,0,0,0,0,0,0,0,0,0,0,0,0,0,0,0,0
0,0,0,0,0,0,0,0,0,0,0,0,0,0,0,0,0,0,0,0,0,0,0,1.1574,0,0,0,0,0,0,0,0,0,0,0,0,0,1.7361,0,0,0,0,0,0,0,0,0,0,0,0,0,0,0,0,0,0,0,0,0,0,0,0,0,0,0,0,0,0,0,0,0,0,0,1.7361,0,0,0,0,0,0,0,0,0,0,0,0,0,0,0,0,0,0,0,0,0,0,0,0,0
0,0,0,0,0,0,0,0,0,0,0,0,0,0,0,0,0,0,0,0,0,0,0.75586,0,0,0,0,0,0,2.2676,0,0,0,0,0,0,0,0,0,0,0,0,0,0,0,0,0,0,0,0,0,0,0,0.75586,0,0,0,0,0,0,0,0,0,0,0,1.5117,0,0,0,0,0,0,0,0,0,0,0,0,0,0,0,0,0,0,0,0,0,0,0,0,0,0,0,0,0,0,0,0,0
0,0,2.9412,0,0,0,0,0,0,0,0,0,0,0,0.98039,5.8824,0,0,0,0,0.98039,1.9608,0,0,1.9608,0.98039,0,0,0,0,0,0.98039,0,0,0,0,0,0,0,0,0,0,0,0,0,0,0,0,0,0,0,0,0,0,0,0,0,0,0,0,0,0,0,0,0,0,0,0,0,0,0,0,0,0,0,0,0,0,0,0,0,0,0,0,0,0,0,0,0,0,0,0,0,0,0,0,0,0,0
0,0,1.9536,0,0,0,0,0,0,0,0,0,0,0,0,3.4188,0.4884,0,0,0,0,0,0,0,0,0,0.4884,0,0,0.4884,0,0.4884,0.4884,0.4884,0,0,0,0,0,0,0,0,0,0,0,0,0,0,0,0,0,0,0,0,0,0,0,0,0,0,0,0,0,0,0,0,0,0,0,0,0,0,0,0,0,0,0,0,0,0,0,0,0,0,0,0,0,0,0,0,0,0,0,0,0,0,0,0,0
0,0,0.61444,0,0,0,0,0,0,0,0,0,0,0,0.61444,7.3733,0,0,0.61444,0,1.2289,0.61444,0,0,0,4.9155,1.2289,0,0,0,0,0,0,0,0,0,0,0,0,0,0,0,0,0,0,0,0,0,0,0,0,0,0,0,0,0,0,0,0,0,0,0,0,0,0,0,0,0,0,0,0,0,0,0,0,0,0,0,0,0,0,0,0,0,0,0,0,0,0,0,0,0,0,0,0,0,0,0,0
0,0,0,0,0,0,0,0,0,0,0,0,0.52083,0,0,1.5625,0.52083,0,0,0,0,0.52083,0,0,0.52083,2.6042,0.52083,0.52083,0.52083,1.0417,0.52083,0,0,0,0,0,0,0,0,0,0,0,0,0,0,0,0,0,0,0,0,0,0,0,0,0,0,0,0,0,0,0,0,0,0,0,0,0,0,0,0,0,0,0,0,0,0,0,0,0,0,0,0,0,0,0,0,0,0,0,0,0,0,0,0,0,0,0,0
1.0893,0,0,0,2.7233,0,0,0,0,0,0,0,0,0,0.54466,0.54466,0.54466,0,0,0,0,0,0,0,0,1.634,0.54466,0,0,0,0,0,0,0,0,0,0,0,0,0,0,0,0,0,0,0.54466,0,0,0,0,0,0,0,0,0,0,0,0,0,0,0,0,0,0,0,0,0,0,0,0,0,0,0,0.54466,0,0,0,0,0,0.54466,0,0,0,0,0,0,0,0,0,0,0,0,0,0,0,0,0,0,0
0,0,0.7837,0,6.2696,0,0,0,0,0,0,0,0,0,0,0,0,0,0,0,0,1.5674,0,0,0.7837,0,0,0,0,0,0,0,0,0,0,0,0,0,0,0,0,0,0,0,0,0.7837,0,0,0,0,0,0,0,0,0,0,0,0,0,0,0,0,0,0,0,0,0,0,0,0,0,0,0,0,0,0,0,0,0,0,0,0,0,0,0,0,0,0,0,0,0,0,0,0,0,0,0,0,0
1.2255,0,0,0,2.451,0,0,0,0,0,0,0,0,0,0,0.81699,0.4085,0,0,0,0,0.81699,0,0,0,0.81699,0.81699,0,0,0,0,0,0,0,0.4085,0,0,0,0,0,0,0,0,0,0,0.4085,0,0,0,0,0,0,0,0,0,0,0,0,0,0,0,0,0,0,0,0,0,0,0,0,0,0,0,0.81699,0,0,0,0,0,0,0,0,0,0,0,0,0,0,0,0,0,0,0,0,0,0,0,0,0
1.2346,0,0,0,4.321,0,0,0,0,0,0,0,0,0,0,1.8519,0,0,0,0,0,3.0864,0,0,0,1.8519,0.61728,0,0,0,0,0,0,0,0,0,0,0,0.61728,0,0,0,0,0,0,1.2346,0,0,0,0,0,0,0,0,0,0,0,0,0,0,0,0,0,0,0,0,0,0,0,0,0,0,0,0,0,0,0,0,0,0,0,0,0,0,0,0,0,0,0,0,0,0,0,0,0,0,0,0,0
0,0,0,0,0,0,0,0,0,0,0,0,0,0,0,0,0,0,0,0,0,0,0,0,0,0,0,0,0,0.46296,0,0,0,0,0.92593,0,0,0.92593,0,0,0,0,0,0,0,0,0,0,0,0,0,0,0,0,0,0,0,0,0,0,0,0,0,0,0,0,0,0,0,0,0,0,0,0,0,0,0,0,0,0,0,0,0,0,0,0,0,0,0,0,0,0,0,0,0,0,0,0,0
0,0,0,0,0.83333,0,0,0,0,0,0,0,0,0,0,0,0,0,0,0,0,0,0,0,0,0,0,0,0,2.5,0,0,0,0,0.83333,0,0,0,0,0,0,0,0,0,0,0,0,0,0,0,0,0,0,0,0,0,0,0,0,0,0,0,0,0,0,0,0,0,0,0,0,0,0,0,0,0,0,0,0,0,0,0,0,0,0,0,0,0,0,0,0,0,0,0,0,0,0,0,0
0,0,0,0,0,0,0,0,0,0,0,0,0,0,0,0,0,0,0,0,0,0,0,0,0,0,0,0,0,0,0,0,0,0,0.68271,0,0,0,0,0,0,0,0,0,0,0,0,0,0,0,0,0,0,0,0,0,0,0,0,0,0,0,0,0,0,0,0,0,0,0,0,0,0,0,0,0,0,0,0,0,0,0,0,0,0,0,0,0,0,0,0,0,0,0,0,0,0,0,0
0,0,0,0,0,0,0,0,0,0,0,0,0,0,0,0,0,0,0,0,0,0,0,0,0,0,0.50505,0,0,0.50505,0,0,0,0,0.50505,0,0,0.50505,0,0,0,0,0,0,0,0,0,0,0,0,0,0,0,0,0,0,0,0,0,0,0,0,0,0,0,0,0,0,0,0,0,0,0,0,0,0,0,0,0,0,0,0,0,0,0,0,0,0,0,0,0,0,0,0,0,0,0,0,0
0,0,0,0,0,0,0,0,0,0,0,0,0,0,0,0,0,0,0,0,0,0,0,0,0,0,0,0,0,0,0,0,0,0,1.1884,0,0,2.3767,0,0.59418,0,0,0,0,0,0,0,0,0,0,0,0,0,0,0,0,0,0,0,0,0,0,0,0,0,0,0,0,0,0,0,0,0,0,0,0,0,0,0,0,0,0,0,0,0,0,0,0,0,0,0,0,0,0,0,0,0,0,0
0,0,0,0,0,0,0,0,0,0,0,0,0,0,0,0,0,0,0,0,0,0.481,0,0,0,0,0,0,0.481,0,0,0,0,0,1.443,0,0,0.962,0,0.962,0,0,0,0,0,0,0,0,0,0,0,0,0,0,0,0,0,0,0,0,0,0,0,0,0,0,0,0,0,0,0,0,0,0.481,0,0,0,0,0,0,0,0,0,0,0,0,0,0,0,0,0,0,0,0,0,0,0,0,0
0,0.5787,0,0,0,0,0,0,0,0,0,0,0,0,0,0,0,0,0,0,0,0,0,0,0,0,0.5787,0,0,0,0,0,0,0,0,0,0,0,0,0,0,0,0,0,0,0,0,0,0,0,0,0,0,0,0,0,0,0,0,0,0,0,0,0,0,0,0,0,0,0,0,0,0,0,0,0,0,0,0,0,0,0,0,0,0,0,0,0,0,0,0,0,0,0,0,0,0,0,0
0,1.3523,0,0,0,0,0,0,0,0,0,0,0,0,0,0,0,0,0,0,0,0,0,0,0,0,0.45076,0,0,0,0,0,0,0,0.90151,0,0,3.606,0,0.45076,0,0,0,0,0,0,0,0,0,0,0,0,0,0,0,0,0,0,0,0,0,0,0,0,0,0,0,0,0,0,0,0,0,0,0,0,0,0,0,0,0,0,0,0,0,0,0,0,0,0,0,0,0,0,0,0,0,0,0
0,0,0,0,0,0,0,0,0,0,0,0,0,0,0,0,0,0,0,0,1.1338,0,0,0,0,0,0,0,0,2.2676,0,0,0,0,0,0,0,0,0,0,0,0,1.1338,0,0,0,0,0,0,0,0,0,0,0,0,0,0,0,0,0,0,0,0,0,0,0,0,0,0,0,0,0,0,0,0,0,0,0,0,0,0,0,0,0,0,0,0,0,0,0,0,0,0,0,0,0,0,0,0
0,0,0,0,0.43155,0,0,0,0,0,0,0,0,0,0,0,0,0,0,0,0.43155,0.86309,0,0,0,0,0,0,0,0,0,0,0,0,0,0,0,0,0,0.43155,0.86309,0,0,0.86309,0.43155,0,0,0,0,0,0,0,0,0,0,0,0,0,0,0,0,0,0,0,0,0,0,0,0,0,0,0,0,0,0,0,0,0,0,0,0,0,0,0,0,0,0,0,0,0,0,0.43155,0,0,0,0,0,0,0
0,0,0,0,1.9164,0,0,0,0,0,0,0,0,0,0,0,0,0,0,0,0.9582,0,0,0,0,0,0,0,0.9582,0.9582,0,0,0,0,0.9582,0,0,0.9582,0,0,0,0,0,0,0,0,0,0,0,0,0,0,0,0.9582,0,0,0,0,0,0,0,0,0,0,0,0,0,0,0,0,0,0,0,0,0,0,0,0,0,0,0,0,0,0,0,0,0,0,0,0,0,0,0,0,0,0,0,0,0
0,0,0,0,0.63796,0,0,0,0,0,0,0,0,0,0,0,0,0,0,0,0,0,0,0,0,0,0.63796,0,0,0,0,0,0,0,0.63796,0,0,0,0,0,0,0,0,0,0,0,0,0,0,0,0,0,0,0,0,0,0,0,0,0,0,0,0,0,0,0,0,0,0,0,0,0,0,0,0,0,0,0,0,0,0,0,0,0,0,0,0,0,0,0,0,0,0,0,0,0,0,0,0
0,0,0,0,1.496,0,0,0,0,0,0,0,0,0,0,0,0,0,0,0,0,0,0,0,0,0,0,0,0,0,0,0,0,0,1.496,0,0,0,0,0,0,0,0,0,0,0,0,0,0,0,0,0,0,0,0,0,0,0,0,0,0,0,0,0,0,0,0,0,0,0,0,0,0,0,0,0,0,0,0,0,0,0,0,0,0,0,0,0,0,0,0,0,0,0,0,0,0,0,0
0,0,0,0,0,0,0,0,0,0,0,0,0,0,0,0,0,0,0,0,0,0,0,0,0,0,0.82713,0,0,0,0,0,0,0,0.82713,0,0,0.82713,0,0.82713,0,0,0,0,0,0,0,0,0,0,0,0,0,0,0,0,0,0,0,0,0,0,0,0,0,0,0,0,0,0,0,0,0,0,0,0,0,0,0,0,0,0,0,0,0,0,0,0,0,0,0,0,0,0,0,0,0,0,0
0,0,0,0,3.2265,0,0,0,0,0,0,0,0,0,0,0,0,0,0,0,0,6.4529,0,1.6132,0,0,0,0,0,0,0,0,0,0,1.6132,0,0,0,0,1.6132,0,0,0,0,0,0,0,0,0,0,0,0,0,0,0,0,0,0,0,0,0,0,0,0,0,0,0,0,0,0,0,0,1.6132,0,0,0,0,0,0,0,0,0,0,0,0,0,0,0,0,0,0,0,0,0,0,0,0,0,0
0,0.82305,0,0,0.82305,0,0,0,0,0,0,0,0,0,0,0,0,0,0,0,0.82305,0,0,0,0,0,0.82305,0,0,0.82305,0,0,0.82305,0,0,0,0,2.4691,0,0.82305,0,0,0,0,0,0,0,0,0,0,0,0,0,0,0,0,0,0,0,0,0,0,0,0,0,0,0,0,0,0,0,0,0,0,0,0,0,0,0,0,0,0,0,0,0,0,0,0,0,0,0,0,0,0,0,0,0,0,0
0,2.9762,0,0,0,0,0,0,0,0,0,0,0,0,0,0,0,0,0,0,3.9683,3.6376,0.66138,0,1.9841,0,0.99206,0,0,0.33069,0,0,0,0,0,0,0,0,0,0,0,0.66138,12.897,0.33069,0,0,0,0,0,0.66138,0,0.33069,0,0,0,0,0,0,0,0,0,0,0,0,0,0,0,0,0,0,0,0,0,0,0,0,0,0,0,0,0,0,0,0,0,0,0,0,0,0,0,0,0,0,0,0,0,0,0
0,9.2593,0,0,0,0,0,0,0,0,0,0,0,0,0,1.3228,0,0,1.3228,0,6.6138,9.2593,1.3228,0,3.9683,0,6.6138,0,0,0,0,0,0,1.3228,1.3228,0,0,0,0,0,0,0,46.296,0,1.3228,0,0,0,0,2.6455,1.3228,0,0,0,0,0,0,0,0,0,0,0,0,0,0,0,0,0,0,0,0,0,0,0,0,0,0,0,0,0,0,0,0,0,0,0,0,0,0,0,0,0,0,0,0,0,0,0,0
0,1.7857,0,0,0,0,0,0,0,0,0,1.1905,0,0,0,0,0,0,0,0,2.381,2.381,0.59524,0,1.7857,0,0,0,0,0,0,0,0,0,0,0,0,0,0,0,0,0,17.262,0,0.59524,0,0,0.59524,0,3.5714,0,0,0,0,0,0,0,0,0,0,0,0,0,0,0,0,0,0,0,0,0,0,0,0,0,0,0,0,0,0,0,0,0,0,0,0,0,0,0,0,0,0,0,0,0,0,0,0,0
0,1.5024,0,0,0,0,0,0,0,0,0,0.30048,0,0.30048,0,0.30048,0,0,0,0,4.5072,1.5024,0.30048,0,0,0,0.30048,0,0,0.60096,0,0,0,0,0,0,0,0,0,0,0,0,21.034,0,0,0,0,0,0,3.3053,0,0,0.30048,0,0,0,0,0,0,0,0,0,0,0,0,0,0,0,0,0,0,0,0,0,0,0,0,0,0,0,0,0,0,0,0,0,0,0,0,0,0,0,0,0,0,0,0,0,0
0,1.7241,0,0,0,0,0,0,0,0,0,0.57471,0,0,0,0,0,0,0,0,0,11.494,0,0,5.1724,0,1.1494,0,0,0,0,0,0,0,0,0,0,0,0,0.57471,0,0,0,0,0,0,0,0,0,1.7241,0,0,0,0,0,0,0,0,0,0,0,0,0,0,0,0,0,0,0,0,0,0,0,0,0,0,0,0,0,0,0,0,0,0,0,0,0,0,0,0,0,0,0,0,0,0,0,0,0
0,3.7037,0,0,0,0,0,0,0,0,0,0.74074,0,0,0,0,0,0,0,0,0,34.074,0,0,3.7037,0,0,0,0,0,0,0,0,0,0.74074,0,0,0.74074,0,0.74074,0,0,0,0,0,0,0,0,0,2.2222,0,0,0,0.74074,0,0,0.74074,0,0,0,0,0,0,0,0,0,0,0,0,0,0,0,0,0.74074,0,0,0.74074,0,0,0,0,0,0,0,0,0,0,0,0,0,0,0,0,0,0,0,0,0,0
0,0,0,0,0,0,0,0,0,0,0,0,0,0,0,0,0,0,0,0.29727,0,4.7562,0,0.29727,1.4863,0,0.8918,0,0,0,0,0,0,0,0,0,0,0,0,0.29727,0,0,0,0.29727,0,0,0,0,0,3.8644,0,0,0,0,0,0,0,0,0,0,0,0,0,0,0,0,0,0,0,0,0,0,0,0.59453,0,0,0,0,0,0,0,0,0.59453,0,0,0,0,0.29727,0,0,0.29727,0,0,0,0,0,0,0,0
0,4.5274,0,0,0,0,0,0,0,0,0,0,0,0,0,0,0,0,0,1.1319,0,32.824,0,0,5.6593,0,0,0,0,2.2637,0,0,0,0,0,0,0,0,0,0,0,0,0,0,0,0,0,0,0,5.6593,0,0,0,2.2637,0,0,0,0,0,0,0,0,0,0,0,0,0,0,0,0,0,0,0,0,0,0,0,0,0,0,0,0,0,0,0,0,0,0,0,0,0,0,0,0,0,0,0,0,0
0,0,0,0,1.8315,0,0,0,0,0,0,0,0,0,0,0,0,0,0,0,0,0,0,0,0,0,0.91575,0,0,0.45788,0,0,0,0,0,0,0,0,0.45788,0.91575,0,0,0,0.45788,0,0,0,0,0,0.45788,0,0,0,0,0,0,0,0,0,0,0,0,0,0,0,0,0,0,0,0,0,0,0,0.91575,0,0,0,0,0,0,0,0,0,0,0,0,0,0,0,0,0,0,0,0,0,0,0,0,0
0,0,0,0,1.0802,0,0,0,0,0,0,0,0,0,0,0,0,0,0,0,0.5401,0,0,0,0,0,0.5401,0,0,4.3208,0,0,0,0,0,0,0,0,0,3.2406,0,0,0,2.1604,0,0,0,0,0,0,0,0,0,0,0,0,0,0,0,0,0,0,0,0,0,0,0,0,0,0,0,0,0,0,0,0,0,0,0,0,0,0,0,0,0,0,0.5401,0,0,0,0,0,0,0,0,0,0,0,0
0,0,0,0,1.7483,0,0,0,0,0,0,0,0,0,0,0,0,0,0,0,0,0,4.0793,0,0,0,0,0,0,0.58275,0,0,0,0,0.58275,0,0,0,1.1655,0,0,0,0,0.58275,0,0,0,0.58275,0,0,0,0,0,0,0,0,0,0,0,0,0,0,0,0,0,0,0,0,0,0,0,0,0,0,0,0,0,0,0,0,0,0,0,0,0,1.1655,0,0,0,0,0,0,0,0,0,0,0,0,0
0,0,0,0,1.518,0,0,0.75901,0,0.75901,0,0.75901,0.75901,0,0,0,0,0.75901,0,0,1.518,0,2.277,0,0,0,0,0,0,0.75901,0,0,0,0,0,0,0,0,0.75901,0,0,0,1.518,3.0361,0,0,0,0,0,2.277,0,0,0,0,0,0,0,0,0,0,0,0,0,0,0,0,0,0,0,0,0,0,0,5.3131,0,0,0,0,0,0,0,0,0,0,0,0,0,0,3.7951,0.75901,0,0,0,0,0,0,0,0,0
0,0,0,0,0,0,0,0,0,0,0,0,0,0,0,0,0,0,0,0,0,0.44818,0,0,0,0,0.44818,0,0,0.44818,0,0,0,0,0,0,0,0,0.89636,1.7927,0,0,0,0,0,0,0,0,0,0.44818,0,0,0,0,0,0,0,0,0,0,0,0,0,0,0,0,0,0,0,0,0,0,0,0.89636,0,0,0,0,0,0,0,0,0,0,0,0,0,0,0,0,0,0,0,0,0,0,0,0,0
0,0,0,0,0,0,0,0,0,0,0,0,0,0,0,0,0,0,0,0,0,0.79051,0.79051,0,0,0,0,0,0,0,0,0,0,0,0,0,0,0,0,0,0,0,0,0,0,0,0,0,0,0.79051,0,0,0,0,0,0,0,0,0,0,0,0,0,0,0,0,0,0,0,0,0,0,0,0.79051,0,0,0,0,0,0,0,0,0,0,0.79051,0,0,0,0,0,0,0,0,0,0,0,0,0,0
0,0,0,0,0,0,0,0.64788,0,0,0,0,0,0,0,0,0,0,0.64788,0,0,1.9436,0.64788,0,0,0,0,0,0,0,0,0,0,0,0,0,0,0,0.64788,0,0,0,0,0,0,0,0,0,0.64788,0,0,0,0,0,0,0,0,0,0,0,0,0,0,0,0,0,0,0,0,0,0,0,0,1.2958,0,0,0,0,0,0,0,0,0,0,0,0,0,0,0,0,0,0,0,0,0,0,0,0,0
0,0.43094,0,0,0,0,0,0,0,0,0,0,0,0,0,0,0,0,0.43094,0,0,0,0,0,0,0,0,0,0,0.86188,0,0,0,0,0,0,0,0,0,0,0,0,0,0.86188,0,0,0,0,0,0,0,0,0,0,0,0,0,0,0,0,0,0,0,0,0,0,0,0,0,0,0,0,0,0,0,0,0,0,0,0,0,0,0,0,0,0,0,0,0,0,0,0,0,0,0,0,0,0,0
0,0,0,0,0.65178,0,0,0,0,0,0,0.65178,0,0,0,0,0,0,0,0,1.3036,0.65178,0,0,0.65178,0,1.9554,0,0,3.9107,0,0,0.65178,0,0,0,0,0.65178,0,1.9554,0,0,0,0.65178,0,0,0,0,0,0,0,0,0,0,0,0,1.3036,0,0,0,0,0,0,0,1.3036,0,0,0,0,0,0,0,0,0,0,0,0,0,0,0,0,0,0,0,0,0,1.3036,0,0,0,0,0,0,0,0.65178,0,0,0,0
0,0,0,0,0.64516,0,0,0,0,0,0,0.64516,0,0,0,0,0,0,0,0,0.64516,0,0,0,0,0,3.2258,0,0,3.871,0,0,0,0,0,0,0,0,0,1.2903,0,0.64516,0,0,0,0,0,0,0,0.64516,0,0,0,0,0,0,0,0,0,0,0,0,0,0,0,0,0,0,0,0,0,0,0,0,0,0,0,0,0,0,0,0,0,0,0,0,0.64516,0,0,0,0,0,0,0,0,0,0,0,0
0,0,0,0,0.9324,0,0,0.9324,0,0,0,0.9324,0,0,0,0,0,1.8648,0,0,1.8648,1.8648,0,0,0,0,2.7972,0,0,1.8648,0,0,0,0,0,0,0,0,0.9324,0,0,1.8648,0,0.9324,0,0,0,0,0,0,0,0,0,0.9324,0,0,0,0,0,0,0,0,0,0,0.9324,0,0,0,0,0,0,0,0,0,0,0,0,0,0,0,0,0,0,0,0,0,3.7296,0,0,0,0.9324,0,0,0,0,0.9324,0,0,0
0,0,0,0,0,0,0,0,0,0,0,1.036,1.036,0,0,0,0,0,0,0,47.656,1.036,0,0,0,0,0,0,0,1.036,0,0,0,0,0,0,0,0,1.036,2.072,0,2.072,2.072,3.108,0,0,0,0,0,1.036,0,0,0,0,0,0,0,0,0,0,0,0,0,0,0,0,0,0,0,0,0,0,0,0,0,0,0,0,0,0,0,0,0,0,0,0,0,0,1.036,0,0,0,0,0,0,0,0,0,0
0,0,0,0,0,0,0,0,0,0,0,0,0,0,0,0,0,0,0,0,0,1.8182,1.8182,0,0,0,0,0,0,0,0,0,0,0,0,0,0,0,0,1.8182,0,0,0,0,0,0,0,0,0,0,0,0,0,0,0,0,0,0,0,0,0,0,0,0,0,0,0,0,0,0,0,0,0,1.8182,0,0,0,0,0,0,0,0,1.8182,0,0,0,0,0,0,0,0,0,0,0,0,0,0,0,0
0,0,0,0,0.91449,0,0,0,0,0,0,1.829,0,0,0,0,0,0,0,0,0,0.91449,2.7435,0,0,0,0,0,0,2.7435,0,0,0,0,0,0,0,0,1.829,0.91449,0,0,0,0,0,0,0,0,0,0,0,0,0,0,0,0,0,0,0,0,0,0,0,0,0,0.91449,0,0,0,0.91449,0,0,0,0.91449,0,0,0,0,0,0,0,0,1.829,0,0,0,0,0,0,0,2.7435,0,0,0,0,0,0,0,0
0,0,0,0,0,0,0,0,0,0,0,0,0,0,0,0,0,0,0,0,0,0,1.5152,1.5152,0,0,0,0,0,0.50505,0,0,0,0,0,0,0,0,0.50505,0.50505,0,0,0,0,0,0,0,0,0,0,0,0,0,0,0,0,0,0,0,0,0,0,0,0,0,0.50505,0,0,0,0,0,0,0,0,0,0,0,0,0,0,0,0,0,0,0,0,0,0,0,0,1.5152,0,0,0,0,0,0.50505,0,0
0,0,0,0,0,0,0,0,0,0,0,0,0,0,0,0,0,0,0,0,0,0.55172,0.55172,0,0,0,0,0,0,2.2069,0,0,0.55172,0,0,0,0,0,0,2.2069,0,0,0,0.55172,0,0,0,0,0,0,0,0,0,0,0,0,0,0,0,0,0,0,0,0,0,0.55172,0,0,0,0,0,0,0,4.4138,0,0,0,0,0,0,0,0,0,0,0,0,0,0,0,0,0,0,0,0,0,0,0.55172,0,0
0,1.0753,0,0,0,0,0,0.71685,0,0,0,0,0.71685,0.71685,0,0,0,0,0.35842,0.35842,1.4337,7.8853,0.35842,0,2.509,0,0.35842,0,0,1.0753,0,0,0,0,0,0,0,0,0,0,0,0,3.9427,0.35842,1.0753,0,0,0.35842,0,0.35842,0,0,0,0,0,0,0.35842,0.71685,0,0,0,0,0,0,0,0,0,0,0,0,0,0,0,0,0,0,0,0,0,0,0,0,0,0,0,0,0,0,0,0,0,0,0,0,0,0,0,0,0
0,0.66667,0,0,0,0,0,0.66667,0,0,0,0,1.3333,0,0,5.3333,0,0,0.66667,0,4,1.3333,0.66667,0,3.3333,0,0,0,0,1.3333,0,0,0,0,0,0,0,0,0,0,0,0,0,1.3333,0.66667,0,0,1.3333,0,0,0,0,0,0,0,0.66667,0,0,0,0,0,0,0,0,0,0,0,0,0,0,0,0,0,0,0,0,0,0,0,0,0,0,0,0,0,0,0,0,0,0,0,0,0,0,0,0,0,0,0
0,0,0,0,0,0,0,0,0,0,0,2.244,5.6101,0,0,11.22,0,0,3.3661,0,7.8541,0,0,0,26.928,0,0,0,0,2.244,0,0,0,0,0,0,0,0,0,0,0,0,5.6101,0,4.4881,0,1.122,0,0,0,0,0,0,0,1.122,0,0,0,0,0,0,0,0,0,0,0,0,0,0,0,0,0,0,0,0,0,0,0,0,0,0,0,0,0,0,0,0,0,0,0,0,0,0,0,0,0,0,0,0
0,0,0,0,0,0,0,0.54945,0,0,0,0.54945,1.0989,0,0,0,0,0,3.8462,0,0,3.2967,0,0,0.54945,0,0,0,0,1.6484,0,0,0,0,0,0,0,0,0,0,0,0,0.54945,0,0,0,0,1.0989,0,0,0,0,0,0,0,0,0,0,0.54945,0,0,0,0,0,0,0,0,0,0,0,0,0,0,0,0,0,0,0,0,0,0,0,0,0,0,0,0,0,0,0,0,0,0,0,0,0,0,0,0
0,0,0,0,0,0,0,0,0,0,0,0.98039,0.4902,0,0,0,0,0,0,0.4902,0,12.255,0,0,2.9412,0,0,0,0,0,0,0,0,0,0,0,0,0,0,0.4902,0,0,0,0,0,0,0,0,0,0.4902,0,0,0,0,0,0,0,1.4706,0,0,0,0,0,0,0,0,0,0,0,0,0,0,0,0.4902,0,0,0,0,0,0,0,0,0,0,0,0,0,0,0,0,0,0,0,0,0,0,0,0,0
0,0,0,0,0,0,0,0,0,0,0,1.8007,1.2005,0,0,0,0,0,0,0.60024,0,33.613,0.60024,0,3.0012,0,0,0,0,0,0,0,0,0,0,0,0,0,0,0,0,0,0,0,0,0,0,0,0,0,0,0,0,0,0,0,0,0.60024,0,0,0,0,0,0,0,0,0,0,0,0,0,0,0,0.60024,0,0,0,0,0,0,0,0,0,0,0,0,0,0,0,0,0,0,0,0,0,0,0,0,0
0,0,0,0,0,0,0,0,0,0,0,0,0,0,0,0,0,0,1.5873,0,0,0,0,0,1.5873,0,0,0,0,0,0,0,0,0,0,0,0,0.79365,0,0,0,0,0,0,0,0,0,0,0,0.79365,0,0,0,0,0,0,0,0,0,0,0,0,0,0,0,0,0,0,0,0,0,0,0,0,0,0,0,0,0,0,0,0,0,0,0,0,0,0,0,0,0,0,0,0,0,0,0,0,0
0,2.3704,0,0,0.59259,0,0,0,0,0,0,0,3.5556,0,0,0,0,0,0,0,0,7.1111,0.59259,1.1852,4.7407,0,0,0.59259,0,0,0,0,0,0,0,0,0,1.7778,0,1.1852,0,0,0,0,0,0,0,0,0,0,0,0,0,0,0,0,0,0,0,0,0,0,0,0,0,0,0,0,0,0,0,0,0,1.1852,0,0,0,0,0,0,0,0,0,0,0,0,0,0,0,0,0,0,0,0,0,0,0,0,0
0,0,0,0,4.1481,0,0,0,0,0,0,0,0,0,0,0.59259,0,0,0,0,0,0,0,0,0,0,0.59259,0,0,1.1852,0,0,0,0,0,0,0,0,0,2.3704,0,0,0,1.7778,0,0,0,0,0,0,0,0,0,0,0,0,0,0,0,0,0,0,0,0,0,0,0,0,0,0,0,0,0,0,0,0,0,0,0,0,0,0,0,0,0,0,0,0,0,0,0,0,0,0,0,0,0,0,0
0,0,0,0,0.34294,0,0,0,0,0,0,0,0,0,0,0.5144,0,0,0,0,0,0,0.17147,0,0,0,0,0,0,0.5144,0,0,0,0,0,0,0,0.17147,0,0,0,0,0,0,0,0,0,0,0,0,0,0,0,0,0,0,0,0,0,0,0,0,0,0,0,0,0,0,0,0,0,0,0,0.17147,0,0,0,0,0,0,0,0,0,0,0,0,0,0.5144,0,0,0,0,0,0,0,0,0,0,0
0,0,0,0,9.2166,0,0,0.76805,0,0,0,0.76805,0,0,0,3.8402,0.76805,0,0,0,0,0,0,0,0,0,0,0,0,3.8402,0,0,0,0,0,0,0,0,0,0.76805,0,0,0,0,0,0,0,0,0,0,0,0,0,0,0,0,0.76805,0,0,0,0,0,0,0,0,0,0,0,0,0,0,0,0,0,0,0,0,0,0,0,0,0,0,0,0,0,1.5361,0.76805,0,0,0,0,0,0,0,0,0,0,0
0,0,0,0,5.5914,0,0,0,0,0,0,0,0,0,0,1.2903,0,0,0,0,0.43011,0,0.43011,0,0,0,0,0,0,2.1505,0,0,0,0,0,0,0,0,0,0.86022,0,0,0,0,0,0,0.43011,0,0,0,0,0,0,0.43011,0,0,0,0,0,0,0,0,0,0,0,0,0,0,0,0,0,0,0,0,0,0,0,0,0,0,0,0,0,0,0.43011,0.43011,0,0,0,0,0,0,0,0,0,0,0,0,0
0,0,0,0,0,0,0,0,0,0,0,0,0,0,0,0,0,0,0,0,0,0.5144,0.5144,0,0,0,0,0,0,0,0,0,0,0,0,0,0,0.5144,0,1.5432,0,0,0,0,0,0,0,0,0,0,0,0,0,0,0,0,0,0,0,0,0,0,0,0,0,0,0,0,0,0,0,0,0,0,0,0,0,0,0,0,0,0,0,0,0,0,0,0,0,0,0,0,0,0,0,0,0,0,0
0,0,0,0,1.2407,0,0,0,0,0,0,0,0,0,0,0,0,0,0,0,0,0,0.62035,0,0,0,0.62035,0,0,0,0,0,0,0,0,0,0,1.861,0,0,0,0,0,0,0,0,0,0,0,0,0,0,0,0,0,0,0,0,0,0,0,0,0,0,0,0,0,0,0,0.62035,0,0,0,0,0,0,0,0,0,0,0,0,0,0,0,0,0.62035,0,0,0,0,0,0,0,0,0,0,0,0
0,0,0,0,0.60606,0,0,0,0,0,0,0.60606,0,0,0,0,0,0,0,0,0,0.60606,1.2121,0,0,0,0,0,0,0,0,0,0,0,0,0,0,0,0,4.8485,0,0,0,1.2121,0,0,0,0,0,0,0,0,0,0,0,0,0,0,0,0,0,0,0,0,0,0,0,0,0,0,0,0,0,0,0,0,0,0,0,0,0,0,0,0,0,0,0,0,0,0,0,0,0,0,0,0,0,0,0
0,0,0,0,0,0,0,0,2.8011,0,0,0.56022,0,0,0,0,0,0,0,0,0,0,0.56022,0,0,0,0,0,0,0.56022,0,0,0,0,0,0,0,2.2409,0,1.6807,0,0,0,0,0,0,0,0,0,0,0,0,0,0,0,0,0,0,0,0,0,0,0,0,0,0,0,0,0,0.56022,0,0,0,1.1204,0,0,0,0,0,0,0,0,0,0,0,0,0,0,0,0,0,0,0,0,0,0,0,0,0
0,1.2255,0,0,0,0,0,0,0,0,0,0.4085,0,0,0,0,0,0,0,0,0,0,0,0,0,0,0,0,0,1.2255,0,0,0,0,0,0,0,2.8595,0,1.2255,0,0,0.4085,0,0,0,0,0,0,0,0,0,0,0,0,0,0,0,0,0,0,0,0,0,0,0,0,0,0,0,0,0,0,0,0,0,0,0,0,0,0,0,0,0,0,0.4085,0,0,0,0,0,0,0,0,0,0,0,0,0
0,0,0,0,8.1925,0,0,0,0,0,0,0,0,0,0,1.0241,0,0,0,0,0,3.0722,0,0,0,0,0,0,0,0,0,0,0,0,0,0,0,1.0241,0,10.241,0,0,0,2.0481,0,0,0,0,0,0,0,0,0,0,0,0,0,0,0,0,0,0,0,0,0,0,0,0,0,0,0,0,0,2.0481,0,0,0,0,0,0,0,0,0,0,0,0,2.0481,0,0,0,2.0481,0,0,0,0,0,0,0,0
0,0,0,0,3.9612,0,0,0,0,0,0,0,0,0,0,1.5845,0,0.79224,0,0,1.5845,0,0,0,0,0,0,0,0,3.9612,0,0,0,0,0,0,0,3.1689,0.79224,2.3767,0,0,0,0.79224,0,0,0,0,0,0.79224,0,0,0,0,0,0,0,0,0,0,0,0,0,0,0,0,0,0,0,0,0,0,0,0.79224,0,0,0,0,0,0,0,0,0,0,0,0,0.79224,0,0,0,0,0,0,0,0,0,0,0,0
0,0,0,0,1.1942,0,0,0,0,0,0,1.7913,0,0,0,0,0,0,0,0,0,0,0,0,0,0,0.5971,0,0,1.7913,0,0,0,0,0,0,0,0,0,0.5971,0,0,0,0.5971,0,0,0,0,0,0,0,0,0,0,0,0,0.5971,0,0,0,0,0,0,0,0,0,0,0,0,0,0,0,0,0,0,0,0,0,0,0,0,0,0,0,0,0,1.7913,0,0,0,0,0,0,0,0,0,0,0,0
0,0,0,0,0.74074,0,0,0,0,0,0,0,0,0,0,0,0,0,0,0,0,0,0,0,0,0,0.74074,0,0,0,0,0,0,0,0,0,0,0.74074,0,0,0,0,0,0.74074,0,0,0,0,0,0,0,0,0,0,0,0,0,0,0,0,0,0,0,0,0,0,0,0,0,0,0,0,0,0,0.74074,0,0,0,0,0,0,0,0,0,0,0,0,0,0,0,1.4815,0,0,0,0,0,0,0,0
0,0,0,0,0.39825,0,0,0,0,0,0,1.1947,0,0,0,0.39825,0,0,0,0,0,0,0,0,0,0,0,0,0,0,0,0,0,0,0,0,0,1.1947,0,0.7965,0,0,0,0,0,0,0,0,0,0,0,0,0,0,0,0,0,0,0,0,0,0,0,0,0,0,0,0,0,0,0,0,0,1.9912,0,0,0,0,0,0,0,0,0,0,0,0.7965,0,0,0,0,0,0,0,0,0,0,0,0,0
0,0,0,0,1.3228,0,0,0,0,0,0,0,0,0,0,0,0,0,0,0,0,0,0,0.66138,0,0,0,0,0,0,0,0,0,0,0,0,0,0,0,1.3228,0,0,0,0,0,0,0,0,0,0,0,0,0,0,0,0,0,0,0,0,0,0,0,0,0,0,0,0,0,0,0,0,0,0,0,0,0,0,0,0,0,0,0,0,0,0,0,0,0,0,0,0,0,0,0,0,0,0,0
0,0,0,0,0,0,0,0,0,0,0,1.628,0,0,0,1.628,0,0,0,0,0,0,1.628,0,0,0,1.628,0,0,0,0,0,0,0,0,0,0,0,0,0,0,0,0,1.628,0,0,0,0,0,1.628,0,0,0,0,0,0,0,0,0,0,0,0,0,0,0,3.256,0,0,0,0,0,0,0,1.628,0,0,0,0,0,0,0,0,0,0,0,1.628,0,0,0,0,0,0,0,0,0,0,0,0,0
